date,close,volume,open,high,low
5/22/18,88.54,181259,89.68,90.175,88.23
5/21/18,89.9,93932,89.47,90,88.9
5/18/18,89.2,108174,89.54,89.88,88.92
5/17/18,89.4,149573,88.33,89.67,88.17
5/16/18,88.21,98058,87.99,88.84,87.77
5/15/18,87.91,232604,87.01,88.4,86.76
5/14/18,87.46,145654,88.69,88.9372,87.42
5/11/18,88.53,160434,89.64,90.8003,88.1
5/10/18,89.3,183722,87.69,90.37,87.551
5/9/18,87.77,164425,87.65,88.32,87.06
5/8/18,87.74,137104,87.42,89.14,87.03
5/7/18,87.66,112513,87.11,88.4804,86.88
5/4/18,86.73,170300,86.47,88.82,86.47
5/3/18,86.77,246610,86.99,87.96,85.52
5/2/18,86.65,151300,87.37,87.69,86.18
5/1/18,87.18,311569,88.08,88.3,86.19
4/30/18,88.36,211068,90.08,91.49,88
4/27/18,89.78,107799,88.61,90.04,87.2194
4/26/18,88.48,153276,87.46,88.81,87.29
4/25/18,87.26,173262,87.63,87.97,86.57
4/24/18,87.38,214890,87.97,88.282,86.47
4/23/18,87.97,186350,87.77,89,87.505
4/20/18,87.39,267717,87.96,88.34,86.54
4/19/18,88.17,188771,88.8,88.845,87.02
4/18/18,88.9,191278,90,90.92,88.701
4/17/18,89.75,341727,91.76,91.99,89.53
4/16/18,92.52,455530,90.84,94.1399,90.15
4/13/18,89.49,167314,88.84,90.41,88.3
4/12/18,88.72,177468,88.74,90.03,88.18
4/11/18,88.75,215752,88.2,90.24,88.2
4/10/18,88.7,156940,88.69,89.19,87.85
4/9/18,88,298559,89.15,90.6599,87.3801
4/6/18,89.01,300269,88.64,90.66,87.58
4/5/18,88.75,216447,88.53,89.31,87.4
4/4/18,88.53,287634,84.52,89.03,84.4316
4/3/18,85.27,373608,87.29,87.87,84.85
4/2/18,87,388670,89.35,89.52,86.07
3/29/18,89.02,318284,87.62,89.26,87.211
3/28/18,87.28,216121,86.62,88.52,85.62
3/27/18,86.41,377143,85.68,87.66,83.78
3/26/18,85.69,536800,88.37,88.95,85
3/23/18,87.65,332621,87.47,89.04,87.05
3/22/18,87.27,191147,87.67,88.6,86.75
3/21/18,88.47,208533,88.94,89.5,87.77
3/20/18,88.82,213246,87.94,89.29,87.27
3/19/18,87.95,268701,88.82,89.029,86.82
3/16/18,88.8,349993,88.51,89.73,87.52
3/15/18,89.61,234293,89.87,91.85,89.23
3/14/18,89.84,316469,93.46,93.46,89.43
3/13/18,93.09,454715,92.13,94.5299,89
3/12/18,91.41,623380,90.6,92.27,87.5
3/9/18,90.6,1288394,98.85,100.33,87.7001
3/8/18,98.73,206773,99.42,99.7,97.93
3/7/18,98.88,217027,96.31,99.28,96.31
3/6/18,96.27,251583,95.9,97,94.8
3/5/18,95.84,286586,95.94,97.17,94.425
3/2/18,96.05,273290,96.09,96.93,95.18
3/1/18,96.4,266929,97.45,98.3152,95.08
2/28/18,97.94,177686,100.96,101.005,97.541
2/27/18,100.37,186320,101.19,101.785,100.11
2/26/18,101.27,174765,102.13,102.71,100.98
2/23/18,101.48,241238,98.22,102.3499,98
2/22/18,98.23,143341,98.3,99.47,97.87
2/21/18,98.37,167395,98.17,100.73,97.04
2/20/18,98.36,185962,100.3,100.99,97.6103
2/16/18,100.09,201784,99.11,100.86,97.445
2/15/18,98.89,230855,97.67,99.49,95.2701
2/14/18,96.92,180460,96.12,97.2345,95.46
2/13/18,96.73,220500,94.68,97.51,94.25
2/12/18,95.31,389447,95.83,96.395,93
2/9/18,95.32,432217,97.43,98.07,93.55
2/8/18,96.97,233171,102.9,103.42,96.69
2/7/18,103.11,280529,101.26,103.64,100.05
2/6/18,101.28,339087,103.91,105.97,99.31
2/5/18,104.78,234188,107.25,107.25,104.75
2/2/18,108.35,210987,110.15,110.41,107.2321
2/1/18,110.35,165005,109.8,111.36,109
1/31/18,110.47,192919,111.18,112.5806,109.6
1/30/18,110.72,238848,108.97,112.98,108.5
1/29/18,110.265,449308,111.15,114.77,108.61
1/26/18,110.47,190531,109.72,111.4,108.57
1/25/18,109.4,254120,108.57,110.58,108.3
1/24/18,108.16,230656,106.44,108.2,106.03
1/23/18,106.25,178138,105.44,106.81,104.741
1/22/18,105.54,358708,107.01,108.2144,104.35
1/19/18,107.41,253665,105.98,107.49,104.89
1/18/18,105.43,239144,105.3,105.88,103.65
1/17/18,105.05,322938,102.04,105.28,102.04
1/16/18,101.53,227769,101.42,103.31,101.2157
1/12/18,101.29,294232,100.5,103.15,99.59
1/11/18,100.5,962351,102.47,102.47,97.67
1/10/18,102.72,582505,103.12,104.4,102.25
1/9/18,103.48,420828,99.86,104.68,98.391
1/8/18,99.32,304655,97.81,99.93,97.81
1/5/18,97.45,214789,95.12,97.6799,95.1145
1/4/18,95.54,286495,95.16,96,93.53
1/3/18,95.15,373300,97.91,99.39,94.9
1/2/18,98.18,319604,98.36,99.14,97.11
12/29/17,97.44,336620,96.8,98.68,96.8
12/28/17,96.85,300703,100.03,100.25,96.52
12/27/17,100.15,183815,99.64,101.09,98.6
12/26/17,99.44,228822,101.28,102.5589,98.8475
12/22/17,101.58,223606,103.47,104.275,101.11
12/21/17,103.46,190324,106.05,106.91,103
12/20/17,105.98,165027,105.37,106.19,104
12/19/17,105.32,186052,104.64,105.47,103.77
12/18/17,104.4,228341,103.25,105.9823,103.25
12/15/17,103.21,473129,104.91,106.47,102.95
12/14/17,104.87,327933,102.72,104.93,102.41
12/13/17,102.36,255716,101.34,103.5,100.919
12/12/17,101.29,258890,101.34,103.3,99.63
12/11/17,101.19,423735,101.11,103.39,98.53
12/8/17,100.84,838370,113.63,113.63,100.28
12/7/17,112.75,544704,109.49,113.7,106.79
12/6/17,108.99,300286,105.48,109.15,104.59
12/5/17,105.5,201817,106.15,107.19,104.43
12/4/17,106.14,312944,106.96,107.2404,104.26
12/1/17,106.72,659243,109.13,109.13,100.85
11/30/17,109.12,382216,107.8,110.87,107.02
11/29/17,107.31,404257,106,107.73,104.722
11/28/17,105.39,302118,105.24,107.01,104.6036
11/27/17,104.15,341993,105.71,106.38,102.32
11/24/17,106.02,196048,105.75,106.91,104.76
11/22/17,105.75,349625,110.42,111.6,105.54
11/21/17,110.49,431093,110.35,110.63,108.9
11/20/17,109.71,824381,109.74,113.49,108.6
11/17/17,102.23,344630,101.84,104.63,101.73
11/16/17,101.91,345708,100.5,102.79,100.265
11/15/17,99.98,403781,98.74,100.34,97.39
11/14/17,98.74,406222,96.18,99.01,95.45
11/13/17,96.35,295811,96.56,97.5,95.86
11/10/17,96.41,244444,96.71,98.49,95.5
11/9/17,96.88,269256,97.97,100.27,96.16
11/8/17,98.29,268247,97.28,98.94,96.535
11/7/17,97.28,311763,94.71,98.95,94.49
11/6/17,95.16,318330,93.01,96.1297,93.01
11/3/17,93.91,319403,94.25,95.6,93.32
11/2/17,93.88,268120,95.56,96.36,93.68
11/1/17,95.87,390544,98.66,99.27,95.43
10/31/17,97.9,360379,95.44,99.34,95.44
10/30/17,95.76,177744,95.52,96.21,94.26
10/27/17,95.275,530151,95,97.92,94.97
10/26/17,94.91,287253,94.1,96.33,94.1
10/25/17,93.63,411743,94.39,95.35,91.5
10/24/17,95.02,580851,95.87,96.4,93.26
10/23/17,95.24,510339,95.47,98.78,95.045
10/20/17,96.44,421447,97.93,99.15,95.91
10/19/17,97.7,311339,97,98.62,95.03
10/18/17,97.74,461998,97.11,100.7964,96.74
10/17/17,97.59,933684,106.4,106.405,97.58
10/16/17,106.68,306528,104.64,107.6,104.05
10/13/17,105,329184,106.78,107.55,104.2
10/12/17,106.14,605278,111.21,111.475,104.24
10/11/17,112.12,229840,112.18,113.56,110.96
10/10/17,112.26,287547,111.06,113.05,110.62
10/9/17,110.31,165636,108.91,111.76,108.6602
10/6/17,109.19,382758,110.31,110.31,106.42
10/5/17,110.37,312203,111.54,113.79,109.34
10/4/17,110.84,712601,108.61,111.83,105.17
10/3/17,110.56,739333,118.2,118.925,110.01
10/2/17,117.8,486977,124.06,124.465,115.5
9/29/17,124.05,343413,123,125.44,123
9/28/17,122.8,280699,118.35,124.15,118.35
9/27/17,118.4,244395,117.78,119.01,117.48
9/26/17,117.37,200015,115.53,118.4,115
9/25/17,115.48,269736,118,119.33,115.26
9/22/17,118.26,177679,116.79,118.54,116.22
9/21/17,116.99,205817,119.61,119.8,116.2188
9/20/17,119.67,302217,119.73,120.88,119
9/19/17,119.78,234573,120,120,118.26
9/18/17,119.77,282568,120.2,120.959,118.5
9/15/17,119.8,368317,120.44,120.71,118.7101
9/14/17,120.04,206365,121.66,122.428,119.25
9/13/17,121.58,274096,122,123.17,120.3716
9/12/17,122.01,370045,127.45,127.8531,121.88
9/11/17,126.4,501151,123.73,129.82,123.73
9/8/17,122.54,580619,120,122.96,111.7428
9/7/17,122.2,213730,120.86,122.64,117.2
9/6/17,120.2,188505,119.58,121.355,117.69
9/5/17,119.58,370631,117,122.19,116.5001
9/1/17,117.06,163774,116.52,117.45,115.4001
8/31/17,116.21,166773,117.02,117.8825,115.64
8/30/17,116.44,130909,115.02,116.73,114.85
8/29/17,115.01,174596,114.1,116.18,113.72
8/28/17,114.84,180775,114.5,115.92,113.9
8/25/17,113.68,134373,115.01,115.01,113.44
8/24/17,114.72,161227,114.72,115.74,114.12
8/23/17,114.71,169981,113.01,115.23,111.13
8/22/17,113.18,337076,114.75,115.2,113
8/21/17,114.51,203200,112.28,114.78,111.11
8/18/17,112.48,257279,110.57,113.82,109.86
8/17/17,110.85,235524,113.39,114.679,110.79
8/16/17,113.64,226670,114.41,114.98,111.21
8/15/17,114.21,240404,111.64,115.03,111.14
8/14/17,111.82,252480,109.46,112.35,108.2601
8/11/17,108.01,238956,107.19,110.47,106.7199
8/10/17,106.55,244058,109.1,109.39,106.28
8/9/17,109.24,213162,109.77,109.77,107.6
8/8/17,110.58,177171,108.99,110.947,108.2
8/7/17,108.97,237773,109.08,111.67,107.41
8/4/17,109.06,195593,109.08,110.12,107
8/3/17,108.55,539282,104.52,111.37,103.5996
8/2/17,104.8,272177,104.45,105.29,102.4499
8/1/17,103.65,207306,102.82,105.09,102.76
7/31/17,102.12,204273,102.93,103.93,101.77
7/28/17,102.69,200371,101.96,103.49,101.4154
7/27/17,102.02,481909,102.23,104.44,100.77
7/26/17,101.66,557713,103.8,105.24,100.53
7/25/17,103.24,295699,105.92,106.14,102.89
7/24/17,105.37,319574,103.64,106,103.64
7/21/17,103.66,596430,104.5,104.8,101.0001
7/20/17,108.3,561616,105.2,110.64,103.74
7/19/17,104.57,551039,100.53,106.26,99.875
7/18/17,100.01,301035,98.74,100.18,98
7/17/17,98.59,340894,100.86,102.3635,98.25
7/14/17,100.71,461253,96.99,101.23,94.31
7/13/17,96.15,1244051,106.32,106.63,95.67
7/12/17,105,304477,103.99,105.24,103.05
7/11/17,102.87,403082,103.08,104.228,101.861
7/10/17,103.28,860502,97.59,103.57,97.5
7/7/17,96.57,383415,93.72,99.352,92.96
7/6/17,94.17,237557,93.71,94.42,92.32
7/5/17,94.45,207613,93.45,94.81,93.36
7/3/17,93.2,83262,93.97,94.16,92.77
6/30/17,93.56,153815,94.46,95.0699,93.18
6/29/17,94.04,376105,93.86,95.5,92.97
6/28/17,93.95,145786,92.85,94.8421,92.1
6/27/17,92.64,306947,92.23,93.26,91.55
6/26/17,92.36,157518,95,95,92.12
6/23/17,94.69,176878,92.24,94.8599,92.03
6/22/17,92.25,156508,92.13,92.49,90.79
6/21/17,91.69,141193,90.75,92.1,90.19
6/20/17,90.82,120224,90.35,91.23,89.468
6/19/17,90.07,196634,89.95,91.09,88.8901
6/16/17,89.25,315065,88.69,90.54,88.45
6/15/17,89.29,220438,87.95,89.7,85.19
6/14/17,88.06,268565,88.27,89.91,87.49
6/13/17,87.84,244020,88.42,89.2,86.5
6/12/17,88.11,351633,86.24,88.88,83.81
6/9/17,87.24,450999,94.2,94.59,86.8621
6/8/17,94.2,201901,94.35,94.35,92.03
6/7/17,94.49,165122,93.3,94.68,93.02
6/6/17,93.46,171429,94.44,94.76,93.22
6/5/17,94.74,119043,94.63,95.11,93.3
6/2/17,94.39,167864,94,95.5799,93.54
6/1/17,94.07,211423,95.4,95.4,92.2532
5/31/17,95.95,336991,95.5,96.05,94.32
5/30/17,94.99,204048,95.05,95.885,93.76
5/26/17,94.67,220013,93.01,94.78,92.9339
5/25/17,93.19,205678,92.73,94.13,91.59
5/24/17,92.75,324190,90.95,93.6,90.44
5/23/17,90.51,289416,88.66,91.08,87.66
5/22/17,88.59,267395,88.14,91.89,87.15
5/19/17,87.5,295736,85.2,87.765,85.2
5/18/17,84.74,231693,83.57,85.1,83.081
5/17/17,83.75,288971,86.4,86.53,83.72
5/16/17,86.76,289564,86.39,87.33,85.12
5/15/17,86.08,265515,83.75,86.71,83.71
5/12/17,83.705,343018,83.8,84.88,82.91
5/11/17,83.86,405864,85.85,86.65,83.776
5/10/17,86.04,473403,83.95,86.09,83.48
5/9/17,83.61,416522,83.56,84.94,83.09
5/8/17,83.69,471461,82.84,84.59,82.031
5/5/17,83.07,541812,83.62,84.92,81.71
5/4/17,83.52,1585233,85.02,85.95,81.65
5/3/17,91,291739,91.76,92.41,90
5/2/17,91.58,291526,90.12,91.9499,89.75
5/1/17,89.69,230992,89,90.6382,88.49
4/28/17,88.59,266961,86.35,88.95,85.924
4/27/17,85.89,177515,86.18,87.4,85.85
4/26/17,86.33,213432,86.99,87.125,85.897
4/25/17,87.37,251828,87.25,89.58,87
4/24/17,87.25,288430,85.66,87.73,85
4/21/17,85.49,1009707,87,87,83.56
4/20/17,90.27,374355,91.55,92.85,89.89
4/19/17,91.19,438243,89.49,91.73,89.3547
4/18/17,89.07,302862,87.79,89.67,87.2682
4/17/17,87.83,243822,85.92,87.86,85.271
4/13/17,85.6,242714,85.23,86.91,84.86
4/12/17,85.55,358289,86.02,87.14,85.21
4/11/17,85.7,322206,85.46,86.1233,84.74
4/10/17,85.64,307890,85.29,86.19,85.1001
4/7/17,85.05,288940,84.53,85.5599,84.28
4/6/17,84.69,395358,85.08,86.65,84.24
4/5/17,85.45,435553,85.72,86.5,85.16
4/4/17,85.5,248466,84.14,85.71,84.14
4/3/17,84.53,271447,84.32,85.14,83.72
3/31/17,84.53,266050,83.79,84.78,83.48
3/30/17,84.04,408545,84.95,85.5,83.28
3/29/17,84.31,531993,83.26,84.932,82.88
3/28/17,82.99,510933,81.98,83.59,81.6
3/27/17,81.74,270321,79.5,81.83,79.25
3/24/17,80.29,244446,80.04,80.6299,78.77
3/23/17,79.92,258539,79.67,80.58,78.95
3/22/17,79.68,227141,78.45,79.73,78.02
3/21/17,78.86,368278,78.79,79.67,77.91
3/20/17,78.67,360459,77.42,78.7,75.9305
3/17/17,77.37,410210,76.33,78.67,76.1
3/16/17,76.4,242879,75.87,76.83,74.93
3/15/17,75.56,404997,74.04,76.13,73.13
3/14/17,73.79,276106,72.71,73.84,72.3
3/13/17,72.72,492313,71.04,73.42,71.03
3/10/17,71.37,904041,67.92,71.68,67.05
3/9/17,66.33,1126907,62,67.25,61.55
3/8/17,60.2,176942,60.68,60.68,59.75
3/7/17,60.58,237558,59.8,61.28,59.587
3/6/17,59.97,220065,60.19,60.35,59.51
3/3/17,60.58,206958,59.59,60.7,59.05
3/2/17,59.61,276979,59.88,60.42,58.931
3/1/17,60.15,266081,58.8,60.28,58.5301
2/28/17,58.41,151041,58.63,58.98,58.26
2/27/17,58.68,122078,58.78,58.9009,58.21
2/24/17,58.6,123503,58.99,58.99,58.0359
2/23/17,59,276123,59.4,59.57,58.06
2/22/17,59.2,194373,58.79,59.9,58.64
2/21/17,58.83,258769,58.13,58.94,57.81
2/17/17,57.71,167905,57.35,58,57.01
2/16/17,57.7,223168,56.9,57.72,56.66
2/15/17,56.62,184895,57.08,57.17,56.53
2/14/17,57.07,166104,57.12,57.22,56.38
2/13/17,57.18,161918,57.34,57.34,56.72
2/10/17,57.03,220240,56.97,57.37,56.4301
2/9/17,56.51,196599,56.46,56.8,55.79
2/8/17,56.08,243162,55.34,56.175,54.82
2/7/17,55.36,343581,53.79,55.41,53.64
2/6/17,53.56,294236,53.28,53.65,52.73
2/3/17,52.98,391204,51.75,53.78,51.4401
2/2/17,51.47,285606,49.57,51.5,49.4
2/1/17,49.79,174222,50.34,50.384,49.31
1/31/17,50.19,231587,48.97,50.405,48.84
1/30/17,49.07,300242,49.45,49.49,48.81
1/27/17,49.4,189566,49.64,49.64,48.84
1/26/17,49.39,186071,49.2,49.5097,48.3948
1/25/17,49.16,176644,49.5,50.4,48.91
1/24/17,49.47,237478,48.91,49.65,48.275
1/23/17,48.6,423682,48.16,48.8994,47.52
1/20/17,47.14,163915,46.27,47.29,45.89
1/19/17,46.32,311547,45.79,47.02,45.65
1/18/17,46,205626,46.5,46.71,45.4
1/17/17,46.41,168022,47.06,47.52,46.27
1/13/17,47.05,369933,47.2,47.82,46.74
1/12/17,47.02,202255,47.55,47.65,46.57
1/11/17,47.69,112651,48.55,49.16,47.59
1/10/17,48.52,202546,47.5,48.71,47.39
1/9/17,47.71,281923,49.28,49.28,47.58
1/6/17,49.34,126140,50.32,50.6,49.23
1/5/17,50.08,180331,50.66,51.83,49.95
1/4/17,50.86,302704,50.74,51.8799,50.02
1/3/17,50.87,143947,51.09,51.74,50.4
12/30/16,51.08,171776,51.91,51.948,50.67
12/29/16,51.76,116605,51.07,51.87,51.07
12/28/16,50.99,90789,51.91,51.91,50.88
12/27/16,51.66,147476,51.44,51.99,51.38
12/23/16,51.17,95997,50.97,51.289,50.33
12/22/16,51.12,122768,50.75,51.235,50.55
12/21/16,50.58,142343,50.45,51.11,50.16
12/20/16,50.64,118401,50.76,51.14,49.86
12/19/16,50.77,152713,50.01,50.8,49.83
12/16/16,50.05,257141,49.7,50.2,49.35
12/15/16,49.45,182942,48.88,49.745,48.195
12/14/16,48.72,233514,50.46,50.85,48.52
12/13/16,50.51,184137,50.57,51.49,50.41
12/12/16,50.74,195095,51.51,51.76,50.65
12/9/16,51.76,147013,51.9,52.47,51.63
12/8/16,51.7,169313,52.31,52.38,51.47
12/7/16,52.28,187856,51.44,52.36,51.44
12/6/16,51.61,220966,52,52.125,51.29
12/5/16,51.84,609117,50.1,52.4,50.1
12/2/16,48.06,349607,47.45,49.08,47.45
12/1/16,47.85,294133,50.93,50.93,47.55
11/30/16,50.49,416548,50.53,51.8,48.86
11/29/16,50.43,275547,50.19,50.59,49.53
11/28/16,50.35,210633,49.78,51.52,49.25
11/25/16,49.98,170707,50.69,51.25,49.83
11/23/16,50.94,220803,52.16,52.67,50.63
11/22/16,53.39,314813,53.43,54.6499,53.16
11/21/16,53.26,473748,50.81,53.29,50.5582
11/18/16,50.77,288996,49.75,50.93,48.94
11/17/16,49.53,208133,48.46,49.63,48.09
11/16/16,48.33,197157,49.63,49.63,48.26
11/15/16,49.61,230056,47.78,49.65,47.745
11/14/16,47.85,191705,47.34,47.88,46.95
11/11/16,47.06,428107,45.78,47.3186,45.51
11/10/16,46.01,237454,46.5,46.5,45.13
11/9/16,46.32,268224,45.46,46.59,44.2052
11/8/16,46.21,253348,45.62,46.41,45.54
11/7/16,45.82,207595,45.95,46.265,45.49
11/4/16,45.5,184455,45.84,46.21,45.47
11/3/16,45.95,252249,46.31,46.79,45.81
11/2/16,46.16,278535,45.57,46.4354,45.39
11/1/16,45.8,354011,46.88,47.3,45.64
10/31/16,47.24,213819,47.5,48,47.19
10/28/16,47.56,166265,47,48.06,46.7
10/27/16,47.2,228024,49.51,49.6,47.03
10/26/16,49.36,744262,49.52,50.71,48.7813
10/25/16,49.77,167258,50.09,50.95,49.68
10/24/16,50.07,176403,49.37,50.15,49.37
10/21/16,49.17,127701,48.62,49.21,48.34
10/20/16,48.75,202040,49.2,50,48.63
10/19/16,49.35,411349,50.01,50.11,48.97
10/18/16,49.5,235514,48.79,49.82,48.59
10/17/16,48.56,151596,48.63,48.7,48.25
10/14/16,48.5,170085,48.64,48.92,48.225
10/13/16,48.6,153296,48.12,48.78,47.43
10/12/16,48.56,302263,47.93,48.73,47.47
10/11/16,47.83,463459,48.79,48.79,47.63
10/10/16,48.85,764770,45.53,48.89,45.53
10/7/16,45.5,572307,45,46.01,44.63
10/6/16,45.1,279528,44.9,45.54,44.48
10/5/16,45.15,416860,44.64,45.395,44.6
10/4/16,44.6,420250,44.59,44.89,43.67
10/3/16,44.53,735918,43.8,44.71,43.8
9/30/16,44.05,846312,43.32,44.36,42.0725
9/29/16,43.32,1478995,42.25,44.14,40.76
9/28/16,42.67,5271978,46.12,47.37,39.14
9/27/16,46.48,486536,47.7,48.59,46.4001
9/26/16,47.9,615681,49.97,49.97,47.25
9/23/16,49.99,419512,51.56,51.7435,49.96
9/22/16,51.48,357624,51.49,51.5896,50.495
9/21/16,51.48,281535,52.62,52.81,50.93
9/20/16,52.57,148414,52.85,53.44,52.33
9/19/16,52.66,185364,52.89,53.11,52.411
9/16/16,52.29,366323,52.72,53.49,52.0056
9/15/16,52.77,153632,52.33,52.9,51.915
9/14/16,52.35,232598,51.96,53.08,51.84
9/13/16,52.14,740433,52.69,54.85,51.28
9/12/16,52.58,566725,49.25,52.855,49.1565
9/9/16,49.64,559682,47.71,50.695,47.51
9/8/16,47.78,286102,47.62,48.024,47.3
9/7/16,47.62,307287,48.13,48.69,47.33
9/6/16,48.35,201353,49.05,49.17,48.0926
9/2/16,48.79,193238,48.99,49.138,48.66
9/1/16,48.85,202452,49.54,49.925,48.825
8/31/16,49.73,154288,50.23,50.23,49.1
8/30/16,50.11,173419,50.36,50.5,49.85
8/29/16,50.18,256611,51,51.92,49.73
8/26/16,50.78,419457,50.02,52.95,50.02
8/25/16,49.8,304382,49.5,50.41,48.32
8/24/16,50.09,1173160,46.87,53.8299,46.87
8/23/16,47,464209,48.16,48.35,46.91
8/22/16,48.2,435835,48.61,49.13,48.15
8/19/16,49.07,457371,51.32,51.32,48.62
8/18/16,51.03,235809,50.98,51.75,50.8
8/17/16,50.97,324265,51.58,51.75,50.411
8/16/16,51.75,390020,54.85,54.85,51.69
8/15/16,54.84,118581,55.69,56.17,54.81
8/12/16,55.74,87253,55.63,56.18,55.4
8/11/16,55.65,149941,57.23,57.25,55.29
8/10/16,56.9,525795,54.23,58.3,54.23
8/9/16,53.66,158693,53.88,54.179,52.54
8/8/16,54.26,135249,53.94,54.42,53.31
8/5/16,54.08,129939,54.52,54.932,53.97
8/4/16,54.3,145429,53.31,55.1,53.3
8/3/16,53.58,267028,54.4,54.6732,53.27
8/2/16,54.7,311925,56.44,56.44,54.1
8/1/16,56.65,180148,57.34,57.525,56.01
7/29/16,57.36,240382,57.16,58.19,57.01
7/28/16,57.31,155503,57.43,57.93,56.88
7/27/16,57.47,264669,58.96,58.99,57.25
7/26/16,58.69,305173,60.7,61.2058,58.48
7/25/16,60.71,487681,61.86,64.73,60.54
7/22/16,61.86,433092,60.65,62.77,60.4
7/21/16,60.5,142714,60.61,60.65,59.88
7/20/16,60.46,145586,60.33,61.03,59.94
7/19/16,60.39,223379,61.17,61.81,60.275
7/18/16,60.67,255995,62.05,62.4,60.63
7/15/16,61.25,305963,60.77,61.76,59.8
7/14/16,59.59,151518,60.1,60.4699,59.5
7/13/16,60,166207,60.79,60.79,59.7701
7/12/16,60.73,377894,59.72,61.27,59.72
7/11/16,59.72,246495,62.3,62.75,59.61
7/8/16,62.12,303901,61.64,62.38,61.145
7/7/16,61.4,145233,61.78,62.3099,61.04
7/6/16,61.81,181435,62,62.78,61.3625
7/5/16,62.22,218537,61.04,62.84,61.04
7/1/16,61.37,188842,63.26,63.26,61.08
6/30/16,62.81,417524,60.55,63.26,60.42
6/29/16,60.21,179596,60.16,61,59.46
6/28/16,59.29,202022,61.62,61.9599,58.728
6/27/16,61.1,281989,58.78,61.75,58.77
6/24/16,58.43,268497,55.48,58.88,54.01
6/23/16,57.88,116591,57.51,58.55,57.25
6/22/16,57.02,109533,57.6,58,56.5063
6/21/16,57.43,121800,55.93,57.5,55.53
6/20/16,55.48,83853,55.24,55.96,55.24
6/17/16,54.74,146376,56.17,56.17,53.47
6/16/16,55.99,63238,55.13,56.07,55.0201
6/15/16,55.75,94345,55.95,56.98,54.99
6/14/16,55.64,63593,54.68,55.9099,54.38
6/13/16,55.12,94605,55.39,55.8353,54.5
6/10/16,55.83,73149,56.28,56.31,55.09
6/9/16,56.58,91064,56.19,57.53,56.1
6/8/16,56.46,93178,55.22,56.55,55.22
6/7/16,55.27,59515,55.51,56.15,55.1001
6/6/16,55.39,160790,54.39,55.78,53.84
6/3/16,53.64,100739,53.08,54.52,53.0409
6/2/16,53.07,105611,52.06,53.08,52.035
6/1/16,52.52,263546,51.67,53,51
5/31/16,52.08,153288,52.76,53.042,51.88
5/27/16,53.07,77531,52.93,53.48,52.75
5/26/16,52.73,58686,53.04,53.04,52.1922
5/25/16,52.75,69235,53.63,53.9325,52.0065
5/24/16,53.24,156681,53.07,55,53.05
5/23/16,52.99,113259,52.55,53.5,52.27
5/20/16,52.14,69194,51.81,52.38,51.74
5/19/16,51.38,126229,51.99,51.99,51.14
5/18/16,51.98,82903,51.41,52.38,51.4
5/17/16,51.33,143749,53.58,53.58,51.05
5/16/16,53.39,94926,52.69,53.7,52.46
5/13/16,52.54,74690,53.11,53.86,52.464
5/12/16,53.07,108684,51.3,53.59,51.13
5/11/16,51.59,138386,52.18,52.9918,50.5
5/10/16,52.53,190407,52.49,53.86,52.175
5/9/16,51.86,268077,49.4,52.26,49.06
5/6/16,49.38,90055,48.92,49.47,48.72
5/5/16,48.81,102707,47.83,48.86,47.6492
5/4/16,47.5,68672,46.98,47.8,46.98
5/3/16,47.2,63972,47.03,47.7,46.5
5/2/16,47.24,94889,47.2,47.91,47.01
4/29/16,46.74,89814,45.73,46.93,45.5
4/28/16,45.69,65046,45.67,46.49,45.56
4/27/16,46.01,81608,45.78,46.5,45.49
4/26/16,45.91,86394,46.28,46.28,45.6177
4/25/16,46,136217,44.97,46.41,44.52
4/22/16,44.36,274475,41.45,44.53,40.9661
4/21/16,41.59,103445,43.39,43.43,41.53
4/20/16,43.43,116348,44.86,44.871,43.32
4/19/16,44.86,97581,45.73,45.8299,44.8
4/18/16,45.14,50941,45,45.89,44.99
4/15/16,44.86,54325,44.41,45.23,44.41
4/14/16,44.5,101727,45.18,45.41,44.23
4/13/16,45.14,73947,45.33,45.8199,44.95
4/12/16,45.14,78343,45.15,46.065,45.045
4/11/16,45.05,114934,45.76,47,44.97
4/8/16,45.22,149205,44.2,46.42,43.72
4/7/16,43.71,146294,44.25,44.25,43.08
4/6/16,44.31,122651,44.29,44.52,43.62
4/5/16,44.13,88016,45.4,45.925,43.9
4/4/16,45.28,96795,43.86,45.36,43.71
4/1/16,43.68,113400,42.1,44.338,42.1
3/31/16,42.32,89267,42.43,43.55,42.1
3/30/16,42.58,81182,42.52,42.94,42.127
3/29/16,42.4,143696,42.64,43.01,42.07
3/28/16,42.55,93757,41.88,42.95,41.5101
3/24/16,41.62,107920,41.17,42,41.02
3/23/16,41.46,102587,42.35,42.35,40.15
3/22/16,42.32,117547,42.08,42.35,41.7
3/21/16,42.15,95035,42.06,42.5,41.815
3/18/16,41.99,166171,42.57,42.57,41.85
3/17/16,42.26,82716,41.13,42.51,41.08
3/16/16,41.1,85889,40.81,41.39,40.31
3/15/16,41.13,87136,42.22,42.65,41.02
3/14/16,42.45,185212,42.92,43.7992,42.35
3/11/16,42.66,217708,38.77,43.06,38.77
3/10/16,38.52,91996,39.6,39.8,38.22
3/9/16,39.3,62160,39.39,39.89,38.11
3/8/16,39.05,69421,38.68,39.56,38.45
3/7/16,38.79,95753,39.29,39.29,38.51
3/4/16,39.57,120887,38.89,40.25,38.33
3/3/16,38.71,112267,38.27,38.88,37.93
3/2/16,38.61,99178,39,39.27,38.19
3/1/16,39.41,150679,38.26,39.48,38.0888
2/29/16,38.02,77479,38.2,38.79,37.87
2/26/16,38.19,107084,38.32,39,37.64
2/25/16,38.32,75637,38,38.84,37.56
2/24/16,37.99,98743,36.72,38.31,36.63
2/23/16,37.04,107419,36.13,37.6,35.8
2/22/16,36.04,120639,36.69,37.04,35.51
2/19/16,36.75,89348,35.56,37.5,35.16
2/18/16,35.56,63564,35.77,36.1167,34.44
2/17/16,35.91,93887,35.9,37.49,35.74
2/16/16,36.05,102794,35.46,36.66,34.31
2/12/16,35.06,83317,36.53,36.53,34.94
2/11/16,35.72,86441,34.29,36.05,33.78
2/10/16,35.15,131082,36.14,36.47,34.45
2/9/16,35.78,124967,33.07,36.66,33.07
2/8/16,33.43,322441,34.11,34.8,32.3501
2/5/16,34.94,335354,37.31,37.45,34.65
2/4/16,37.97,154914,39.67,39.97,37.84
2/3/16,39.82,77038,40.91,41.02,39.2601
2/2/16,40.7,108051,39.81,40.82,39.02
2/1/16,40.33,152898,41.12,41.42,40.28
1/29/16,41.34,92508,40.86,41.6,40.85
1/28/16,40.84,74614,40.46,41.37,40.31
1/27/16,40.24,99566,40.75,41.18,39.9216
1/26/16,40.94,132436,41.36,41.94,40.3
1/25/16,41.29,89557,41.42,42,40.72
1/22/16,41.24,95766,41.17,41.56,40.39
1/21/16,40.17,102297,40.35,40.52,39.86
1/20/16,40.34,212350,40.1,40.56,39.22
1/19/16,40.44,155588,40.07,40.49,39.19
1/15/16,38.29,225707,40.8,41.3,37.58
1/14/16,41.72,152485,40.76,42.29,40.35
1/13/16,40.85,121102,41.36,41.87,40.53
1/12/16,41,175175,41.17,42.7499,40.95
1/11/16,40.87,124892,42.56,42.7499,40.1
1/8/16,42.13,91329,41,42.57,40.858
1/7/16,41.02,165879,42.6,42.75,40.2901
1/6/16,43.4,106939,42.58,43.7,42.5642
1/5/16,42.98,98042,42.6,43.81,42.2332
1/4/16,42.3,217607,44.28,44.795,42.22
12/31/15,45.44,141196,46.79,46.79,45.33
12/30/15,46.85,93700,47.5,47.7575,45.53
12/29/15,47.94,109539,47.43,48.01,47.024
12/28/15,47.19,66691,46.39,47.2,46.03
12/24/15,46.4,41100,46.44,46.94,45.985
12/23/15,45.99,82759,47.12,47.16,45.66
12/22/15,46.59,140166,44.38,46.615,44.131
12/21/15,44.3,82682,44.08,45,43.435
12/18/15,43.84,215677,43.4,44.3975,43.06
12/17/15,43.66,77699,44.02,44.275,43.47
12/16/15,44.06,78257,44.94,44.94,43.6125
12/15/15,44.79,108450,43.18,45,43.055
12/14/15,43.33,207934,47,47,42.38
12/11/15,45.81,224498,43.46,47.74,43.16
12/10/15,44.29,145551,46.01,46.52,43.5
12/9/15,45.91,217703,45.75,47.5561,45.27
12/8/15,45.58,199828,42.38,46.37,41.5432
12/7/15,42.54,87307,43.66,43.66,42.22
12/4/15,42.35,99274,40.88,42.5,40.797
12/3/15,40.85,81080,41.16,42.01,40.48
12/2/15,41.17,65011,41.44,41.5,40.91
12/1/15,41.21,635677,43.72,44,41.0979
11/30/15,43.45,297955,39.38,43.85,38.65
11/27/15,38.38,17271,38,38.7,37.936
11/25/15,37.81,23536,38,38.1,37.58
11/24/15,37.74,27002,37.06,37.85,36.9769
11/23/15,37.17,65118,36.67,37.32,36.59
11/20/15,36.53,49651,36.4,37,36.155
11/19/15,36.36,56203,36.54,36.835,35.78
11/18/15,36.61,40685,36.04,36.66,35.87
11/17/15,36.03,45886,36.47,36.47,35.9701
11/16/15,36.23,70128,35.8,36.524,35.77
11/13/15,35.94,47783,35.5,36.03,35.5
11/12/15,35.77,90383,37.48,37.48,35.64
11/11/15,37.53,48186,37.75,38.2,37.34
11/10/15,37.56,58706,37.05,38.19,36.96
11/9/15,37.29,50926,36.51,37.393,36.4816
11/6/15,36.76,98359,36.75,37.235,36.17
11/5/15,36.9,42666,36.9,37.27,36.61
11/4/15,36.94,91203,38,38,36.83
11/3/15,37.72,107673,38.1,38.18,37.002
11/2/15,38.18,77746,37.8,38.4791,37.55
10/30/15,37.64,87441,38.18,38.43,37.5
10/29/15,38.13,92745,38.57,38.91,37.41
10/28/15,38.54,137073,37.73,38.81,37.45
10/27/15,37.4,141301,36,37.4899,36
10/26/15,36.08,70000,36.05,36.4299,35.1
10/23/15,36.28,101696,34.91,36.5099,34.4201
10/22/15,34.66,58098,33.77,35.01,33.764
10/21/15,33.76,68733,34.5,34.66,33.6
10/20/15,34.43,65834,34.05,34.9299,33.52
10/19/15,33.95,51941,34.35,34.45,33.64
10/16/15,34.22,55847,34.36,34.372,33.89
10/15/15,34.21,68345,34.05,34.284,33.01
10/14/15,33.86,52738,34.47,34.83,33.73
10/13/15,34.34,121563,34.58,35.43,34.22
10/12/15,34.58,107732,34.28,34.82,34.11
10/9/15,33.97,130897,33.5,34.44,33.3056
10/8/15,33.18,110008,31.62,33.27,31.44
10/7/15,31.62,49028,31.37,31.86,31.12
10/6/15,31.47,80928,32.11,32.241,31.0001
10/5/15,31.98,94970,31.08,32.22,31.04
10/2/15,30.75,55989,30.73,30.91,30.02
10/1/15,30.63,51477,30.75,30.9408,30.2001
9/30/15,30.73,109292,30.38,31.13,30.02
9/29/15,29.98,88835,29.44,30.05,29.11
9/28/15,29.46,71132,28.33,29.54,28.32
9/25/15,28.22,80434,29.26,29.53,28.17
9/24/15,29.17,86283,28.6,29.3677,28.31
9/23/15,28.64,85127,28.41,28.91,28.13
9/22/15,28.14,73168,28.26,29.0902,27.47
9/21/15,28.4,124420,28.12,28.89,27.77
9/18/15,27.88,145295,28.98,29.095,27.66
9/17/15,29.37,73414,29.08,29.69,28.94
9/16/15,28.97,53480,28.45,29.04,28.25
9/15/15,28.41,55234,27.99,28.6794,27.666
9/14/15,28.03,110827,28.54,28.6451,27.275
9/11/15,28.31,76657,28.05,28.85,27.83
9/10/15,28.11,46409,27.77,28.4,27.64
9/9/15,27.6,139962,29.27,29.3999,27.52
9/8/15,28.22,153591,27.46,28.54,26.88
9/4/15,27.03,59125,26.5,27.2199,26.455
9/3/15,26.71,38983,27.13,27.1799,26.51
9/2/15,26.91,31668,26.35,26.945,26.29
9/1/15,26.03,63391,26.14,26.57,26
8/31/15,26.42,62379,25.79,26.58,25.7
8/28/15,25.83,63003,25.2,25.96,25.2
8/27/15,25.35,57153,25.02,25.84,24.93
8/26/15,24.78,54006,25.64,26,24.55
8/25/15,25.12,65996,25.58,25.62,24.99
8/24/15,25,91028,25,25.75,24.75
8/21/15,25.39,40006,24.7,26.04,24.7
8/20/15,25.1,35656,24.9,25.35,24.85
8/19/15,24.85,27663,25.14,25.51,24.75
8/18/15,25.14,31041,25.76,25.76,25.03
8/17/15,25.68,40781,24.93,26.1,24.93
8/14/15,25,44200,25.41,25.71,24.8101
8/13/15,25.33,47614,24.64,25.53,24.6
8/12/15,24.42,42913,23.36,24.5,23.05
8/11/15,23.49,28640,23.47,23.78,23.12
8/10/15,23.59,57683,23.93,23.95,23.32
8/7/15,23.88,30058,23.71,24.5,23.52
8/6/15,23.87,116086,24.02,24.42,23.62
8/5/15,23.87,35359,23.98,24.96,23.75
8/4/15,23.93,40257,23.75,24.18,23.43
8/3/15,23.74,27040,23.8,23.9896,23.26
7/31/15,23.77,24643,23.82,23.995,23.58
7/30/15,23.52,35701,23.94,23.94,22.9
7/29/15,23.91,22971,23.61,23.94,23.52
7/28/15,23.73,45499,23.81,23.99,23.27
7/27/15,23.74,45938,23.78,23.94,23.51
7/24/15,23.8,34813,23.81,23.9999,23.42
7/23/15,23.77,39046,24.42,24.55,23.68
7/22/15,24.28,29766,24.52,24.77,24.06
7/21/15,24.41,45583,24.91,24.938,24.13
7/20/15,24.7,39524,23.77,24.79,23.68
7/17/15,23.8,60365,24.3,24.39,23.5
7/16/15,24.23,38947,24.31,24.42,23.87
7/15/15,23.97,39750,24.23,24.23,22.42
7/14/15,24.34,32222,24.38,24.49,24.1101
7/13/15,24.25,42090,24.16,24.43,23.82
7/10/15,23.95,45797,23.87,24.05,23.6
7/9/15,23.48,29475,24,24.11,23.13
7/8/15,23.61,63742,23.25,24.05,23.0001
7/7/15,23.39,21736,22.7,23.5,22.5
7/6/15,22.81,37337,22.97,23.28,22.62
7/2/15,23.04,24653,22.83,23.36,22.74
7/1/15,22.94,26269,22.63,23.1,22.45
6/30/15,22.49,36850,22.82,23.22,22.24
6/29/15,22.76,41514,22.95,23.21,22.67
6/26/15,23.22,90385,23.31,23.74,22.95
6/25/15,23.23,36349,23.05,23.3979,22.96
6/24/15,23.02,15996,22.92,23.06,22.68
6/23/15,22.99,76836,22.94,23.1,22.51
6/22/15,22.86,41572,23.09,23.46,22.79
6/19/15,23.06,67949,22.74,23.5,22.38
6/18/15,22.68,27644,22.52,23,22.46
6/17/15,22.41,34092,22.33,22.56,22.16
6/16/15,22.35,22927,21.99,22.5,21.99
6/15/15,22.15,28102,21.88,22.22,21.3244
6/12/15,21.94,17115,21.95,22.34,21.8401
6/11/15,22.1,34523,21.91,22.2,21.82
6/10/15,21.86,35563,21.38,21.94,21.25
6/9/15,21.22,23299,21.41,21.58,21.08
6/8/15,21.36,21082,21.69,21.69,21.3
6/5/15,21.72,29700,21.41,21.72,21.15
6/4/15,21.41,19629,21.52,21.66,21.4
6/3/15,21.71,27658,21.56,22.05,21.56
6/2/15,21.44,37633,21.07,21.98,21.07
6/1/15,21.1,28569,20.9,21.35,20.77
5/29/15,20.7,35664,20.97,21.1581,20.61
5/28/15,21.055,18781,20.83,21.07,20.37
5/27/15,20.58,56372,20.3,21.19,20.23
5/26/15,20.34,45674,20.33,20.52,19.98
5/22/15,20.48,32807,20.77,20.77,20.17
5/21/15,20.67,14546,20.34,20.86,20.27
5/20/15,20.43,25221,20.61,21,20.38
5/19/15,20.6,47663,21.09,21.09,20.52
5/18/15,21.08,26940,21.12,21.27,20.8036
5/15/15,21.11,31486,21.47,21.77,20.75
5/14/15,21.58,32249,21.01,21.83,20.9
5/13/15,20.84,25710,21.33,21.54,20.72
5/12/15,21.37,21231,21.84,21.84,21.01
5/11/15,21.94,18170,21.81,22.18,21.81
5/8/15,21.94,22494,22.46,22.46,21.62
5/7/15,22.23,17775,21.95,22.4,21.81
5/6/15,22.1,35520,21.81,22.18,21.53
5/5/15,21.66,34557,22.4,22.4,21.52
5/4/15,22.41,25835,22.37,22.92,22.3
5/1/15,22.42,45019,22.34,22.68,21.69
4/30/15,22.35,33541,23.31,23.5699,22.28
4/29/15,23.35,28003,24.36,24.36,23.33
4/28/15,24.37,31189,23.65,24.506,23.36
4/27/15,23.66,29947,23.45,24.16,23.265
4/24/15,23.25,36944,23.06,23.56,22.93
4/23/15,22.97,40004,23.78,24.1,22.9
4/22/15,23.76,27110,24.33,24.34,23.75
4/21/15,24.21,17123,24.23,24.5,24.07
4/20/15,23.99,22114,23.68,24.58,23.5155
4/17/15,23.58,28763,23.79,24.03,23.29
4/16/15,23.97,17428,24.63,24.71,23.96
4/15/15,24.58,21233,24.236,24.69,23.99
4/14/15,24.2,22090,24.37,24.47,23.77
4/13/15,24.37,36890,24,24.59,23.87
4/10/15,23.91,20793,24.36,24.7699,23.76
4/9/15,24.21,19899,24.87,24.9999,24.18
4/8/15,24.75,23713,24.5,24.75,24.12
4/7/15,24.2,20994,24.43,24.92,24.19
4/6/15,24.57,19103,24.57,24.96,24.5
4/2/15,24.58,19569,24.32,24.85,24.15
4/1/15,24.24,31564,24.5,24.55,23.851
3/31/15,24.41,24912,24.36,24.6899,23.9812
3/30/15,24.38,29559,24.18,24.86,24.07
3/27/15,24.1,43118,24.23,24.6899,24.05
3/26/15,24.03,23462,23.86,24.34,23.63
3/25/15,24,23999,24.63,24.63,23.86
3/24/15,24.19,19101,24.07,24.41,23.86
3/23/15,24.06,41883,24.05,24.18,23.2
3/20/15,24.05,72274,23.09,24.08,22.93
3/19/15,23,53374,23.3,23.84,22.91
3/18/15,23.53,42633,22.6,23.85,22.0401
3/17/15,22.59,15715,22.41,22.6,22.13
3/16/15,22.36,29522,22.73,22.73,21.99
3/13/15,22.54,15798,22.7,22.7,21.17
3/12/15,22.69,27973,21.23,22.7,21.23
3/11/15,21.1,24347,21.45,21.47,21
3/10/15,21.51,12214,21.8,21.8952,21.39
3/9/15,22.08,19175,21.34,22.24,21.34
3/6/15,21.34,36039,22.17,22.2,21.2224
3/5/15,22.36,18415,22.31,22.41,22.06
3/4/15,22.18,15544,22.11,22.4,22.08
3/3/15,22.24,23605,22.19,22.33,22.01
3/2/15,22.18,22834,22.46,22.7099,22.11
2/27/15,22.41,28816,22.73,23.15,22.21
2/26/15,22.67,20401,22.95,23.26,22.65
2/25/15,22.89,26783,22.96,23.42,22.59
2/24/15,22.99,17895,22.76,23.04,22.46
2/23/15,22.75,18207,22.55,23.04,22.55
2/20/15,22.5,28331,22.89,23.0299,22.3868
2/19/15,22.85,18828,22.26,23.24,22.26
2/18/15,22.42,13220,22.19,22.47,21.85
2/17/15,22.02,24124,22.04,22.15,21.88
2/13/15,21.88,31932,21.79,22.15,21.78
2/12/15,21.85,28056,21.85,22.3,21.78
2/11/15,21.76,18312,22.05,22.3,21.75
2/10/15,22.18,30475,22.17,22.66,22
2/9/15,22.09,19957,22.62,22.72,22.06
2/6/15,22.8,34996,22.82,23.4443,22.7
2/5/15,22.95,38083,23.33,23.37,22.88
2/4/15,23.34,50410,22.55,23.54,22.31
2/3/15,22.74,34780,21.93,22.82,21.5601
2/2/15,21.93,27975,21.69,21.98,21.4001
1/30/15,21.74,45094,22.78,22.97,21.71
1/29/15,23.01,21038,22.03,23.01,22.02
1/28/15,22.31,34734,23.06,23.23,22.26
1/27/15,22.97,35423,22.3,23.33,21.71
1/26/15,22.67,45246,23.3,23.3,22.09
1/23/15,23.14,21041,23.09,23.33,22.87
1/22/15,23.02,27281,22.28,23.13,22.19
1/21/15,22.28,31001,22.87,22.94,22.21
1/20/15,22.87,44887,22.87,23.13,22.36
1/16/15,22.79,39702,22.09,22.93,21.965
1/15/15,22.15,35673,22.6,22.69,22.13
1/14/15,22.53,29016,22.59,22.73,21.9501
1/13/15,22.8,47599,22.54,23.36,22.47
1/12/15,22.28,48271,22.11,22.59,21.87
1/9/15,22.19,24708,22.57,22.6672,22.12
1/8/15,22.63,39548,21.77,23.07,21.75
1/7/15,21.78,35035,21.99,22.04,21.52
1/6/15,21.88,47305,22.27,22.27,21.5
1/5/15,22.29,50826,22.16,22.65,21.99
1/2/15,22.39,36658,22.62,22.8,22.0218
12/31/14,22.62,35918,22.76,23.23,21.54
12/30/14,22.66,33530,23.09,23.83,22.66
12/29/14,23.22,50822,23.5,24,23.01
12/26/14,23.46,25386,23.44,24.49,23.29
12/24/14,23.27,30714,23.35,24.05,23.19
12/23/14,23.22,34126,22.9,23.65,22.9
12/22/14,23.2,38694,23.19,23.53,23.01
12/19/14,23.05,124482,23.34,23.44,22.82
12/18/14,23.4,60994,22.75,23.49,22.55
12/17/14,22.36,109793,21.28,22.58,21.12
12/16/14,21.3,95492,21,22.19,21
12/15/14,21.09,181593,23.8,23.8,21.04
12/12/14,23.83,68265,25.13,25.42,23.6
12/11/14,25.56,41768,24.79,25.82,24.76
12/10/14,24.78,55209,25.36,25.85,24.77
12/9/14,25.59,65349,24.33,25.64,23.8318
12/8/14,24.54,36354,24.6,24.97,24.38
12/5/14,24.67,49151,24.19,24.95,24.19
12/4/14,24.13,83215,24.02,24.28,23.531
12/3/14,24.3,83406,24.36,25,24.011
12/2/14,24.49,60293,24.78,24.78,24.21
12/1/14,24.7,43158,25.01,25.08,24.16
11/28/14,25.14,21333,25.62,25.93,25.06
11/26/14,25.6,97719,26.16,26.36,24.5996
11/25/14,26.08,43931,25.98,26.53,25.72
11/24/14,25.8,45725,25.5,25.9,25.195
11/21/14,25.55,60652,26.15,26.15,25.4
11/20/14,25.84,71961,25.98,26.25,25.2901
11/19/14,25.99,55687,26.6,26.6,25.85
11/18/14,26.49,34706,26.56,26.764,26.4
11/17/14,26.3,37490,26.42,26.61,26.17
11/14/14,26.29,63188,26.53,26.67,25.76
11/13/14,26.59,58882,27,27.32,26.19
11/12/14,26.83,84295,25.35,26.9599,25.35
11/11/14,25.44,60761,24.85,25.55,24.6
11/10/14,24.74,64844,24.73,24.78,24.25
11/7/14,24.55,84684,25.92,25.92,24.5
11/6/14,25.77,182271,25.05,25.92,24.7001
11/5/14,24.9,51288,24.85,25.2399,24.745
11/4/14,24.77,52495,24.87,25.17,24.69
11/3/14,24.83,48733,25.24,25.28,24.74
10/31/14,25.12,104295,24.86,25.5,24.6745
10/30/14,24.48,58360,24.58,24.7,24.29
10/29/14,24.75,59147,24.77,24.8,24.575
10/28/14,24.8,77781,24.94,25.2,24.6
10/27/14,24.7,59832,24.97,25.17,24.6038
10/24/14,24.75,64497,24.7,24.99,24.62
10/23/14,24.5,124082,24.18,25.23,24.06
10/22/14,23.8,76281,24.99,24.99,23.38
10/21/14,24.83,134493,24.1,25.4,23.99
10/20/14,23.99,70454,22.3,24.049,22.3
10/17/14,22.21,33869,22.57,22.749,22.07
10/16/14,22.2,37940,22.82,23.1658,22.08
10/15/14,23.12,46447,22.68,23.19,22.46
10/14/14,22.89,47502,22.7,23.23,22.62
10/13/14,22.59,79124,22.04,22.75,22.03
10/10/14,22.02,44975,21.59,22.19,21.59
10/9/14,21.7,55602,21.96,22.19,21.68
10/8/14,21.75,48095,21.77,22.03,21.68
10/7/14,21.71,53446,21.58,22.15,21.58
10/6/14,21.58,129917,21,21.89,21
10/3/14,20.29,46057,19.72,20.32,19.72
10/2/14,19.53,24379,18.87,19.54,18.87
10/1/14,18.92,24739,19.48,19.6,18.86
9/30/14,19.5,42812,19.63,19.77,19.47
9/29/14,19.75,15266,19.39,19.75,19.39
9/26/14,19.7,22714,19.32,19.7663,19.3
9/25/14,19.26,23112,19.71,19.7598,19.15
9/24/14,19.8,24807,19.46,19.93,19.28
9/23/14,19.43,23365,19.03,19.53,19.03
9/22/14,19.27,25971,19.49,19.62,19.15
9/19/14,19.65,47126,19.57,19.83,19.3458
9/18/14,19.49,16851,19.17,19.59,19.14
9/17/14,19.15,10541,19.41,19.41,18.99
9/16/14,19.34,17962,19.25,19.44,19.12
9/15/14,19.24,17968,19.41,19.6,19.08
9/12/14,19.33,22055,19.43,19.47,19.1
9/11/14,19.33,39179,18.18,19.42,18.18
9/10/14,18.19,14659,18.07,18.31,18.07
9/9/14,18.13,19875,18.35,18.41,18.09
9/8/14,18.44,14863,18.42,18.6,18.42
9/5/14,18.48,25495,18.37,18.63,18.183
9/4/14,18.46,26252,18.49,18.74,18.42
9/3/14,18.43,47820,18.6499,18.6499,18.26
9/2/14,18.48,29710,18.35,18.54,17.69
8/29/14,18.33,19039,18.18,18.43,18
8/28/14,18.16,18933,18.35,18.4599,17.97
8/27/14,18.38,21774,18.89,18.91,18.27
8/26/14,18.75,24437,18.78,18.8868,18.59
8/25/14,18.59,18467,18.57,18.74,18.32
8/22/14,18.5,15437,18.57,18.67,18.39
8/21/14,18.56,25880,18.45,18.695,18.33
8/20/14,18.44,9780,18.78,18.78,18.37
8/19/14,18.87,8671,18.58,18.9199,18.5
8/18/14,18.88,24056,18.91,19.12,18.7
8/15/14,18.69,24944,18.95,18.95,18.24
8/14/14,18.71,23564,18.64,18.9,18.54
8/13/14,18.73,11002,18.4,18.78,18.4
8/12/14,18.28,11967,18.64,18.64,17.89
8/11/14,18.75,16063,18.68,19,18.68
8/8/14,18.52,13049,18.33,18.6,18.24
8/7/14,18.38,19703,18.53,18.65,18.19
8/6/14,18.42,16224,18,18.5,18
8/5/14,18.07,25221,17.83,18.36,17.83
8/4/14,17.86,23887,17.75,18.09,17.58
8/1/14,17.62,32094,17.2,17.63,17.08
7/31/14,17.14,21063,17.3,17.46,17.08
7/30/14,17.5,18854,18,18.8,17.4
7/29/14,17.8,14209,17.705,18.15,17.65
7/28/14,17.63,14211,17.59,17.824,17.43
7/25/14,17.59,22427,17.88,17.93,17.52
7/24/14,18.06,20557,18.33,18.5,18.02
7/23/14,18.41,15530,18.45,18.5,18.17
7/22/14,18.43,12659,18.33,18.49,17.89
7/21/14,18.23,18765,18.18,18.49,17.96
7/18/14,18.52,30642,17.66,18.5896,17.66
7/17/14,17.75,17761,18.03,18.08,17.7
7/16/14,18.24,16724,18.57,18.57,18.04
7/15/14,18.37,20310,18.79,18.79,18.22
7/14/14,18.89,17313,19.1,19.15,18.73
7/11/14,18.81,15107,18.72,19.14,18.58
7/10/14,18.81,30939,18.65,18.94,18.45
7/9/14,18.83,23357,18.93,19.05,18.65
7/8/14,18.95,28651,19.24,19.33,18.71
7/7/14,19.13,23847,19.41,19.44,19.03
7/3/14,19.59,16064,19.53,19.69,19.181
7/2/14,19.48,26324,19.33,19.7,19.33
7/1/14,19.41,53967,18.87,19.52,18.65
6/30/14,18.92,49719,19.25,19.3,18.7601
6/27/14,19.2,60906,18.72,19.25,18.72
6/26/14,18.88,70278,19.05,19.15,18.44
6/25/14,19.13,20398,18.58,19.2699,18.58
6/24/14,18.68,55475,19.22,19.49,18.58
6/23/14,19.38,79747,19.07,19.46,18.7
6/20/14,19.12,60664,19.11,19.18,18.72
6/19/14,18.89,60948,18.93,19.17,18.59
6/18/14,18.91,80556,18.71,18.96,18.3
6/17/14,18.88,46867,18.26,19.2,18.26
6/16/14,18.32,36055,18.81,19,18.16
6/13/14,18.76,64068,18.29,19.21,18.12
6/12/14,18.195,59418,18.33,18.645,18.01
6/11/14,18.47,32656,18.77,18.925,18.35
6/10/14,19.11,25624,19.28,19.39,18.69
6/9/14,19.33,50175,18.24,19.46,18.24
6/6/14,18.44,56023,18.41,18.59,17.51
6/5/14,18.25,42854,17.37,18.43,17.3001
6/4/14,17.43,25301,17.61,17.97,17.31
6/3/14,17.75,30327,18.12,18.295,17.56
6/2/14,18.19,33748,18.62,19.58,18.16
5/30/14,18.52,92652,19.23,19.287,18.41
5/29/14,19.12,35153,19.32,19.7,18.71
5/28/14,19.32,40523,18.05,19.51,18.0442
5/27/14,18.18,24102,17.89,18.4199,17.3
5/23/14,17.79,24886,17.85,18.04,17.74
5/22/14,17.79,18544,17.595,18.13,17.595
5/21/14,17.85,24188,17.83,18.06,17.3
5/20/14,17.67,55285,17.9,17.92,17.03
5/19/14,17.79,12506,17.45,18.21,17.37
5/16/14,17.48,26956,17.37,17.57,17.0026
5/15/14,17.39,47615,17.63,17.63,15.42
5/14/14,17.84,34925,18.74,18.99,17.752
5/13/14,18.69,40892,19.33,19.45,18.67
5/12/14,19.46,24220,18.41,19.55,18.41
5/9/14,18.39,17703,17.87,18.44,17.83
5/8/14,18,20075,18.2,18.57,17.88
5/7/14,18.33,17327,18.41,18.41,17.86
5/6/14,18.29,36972,18.82,19.03,18.29
5/5/14,18.98,21195,19.04,19.97,18.719
5/2/14,19.21,46163,19.02,19.7,19.02
5/1/14,18.92,37241,19.19,19.24,18.58
4/30/14,19.28,17082,19.11,19.36,18.95
4/29/14,19.25,8850,19.52,19.7467,19.13
4/28/14,19.35,12926,19.24,19.44,18.74
4/25/14,19.12,25851,19.47,19.4855,19.03
4/24/14,19.61,14028,19.65,19.8355,19.36
4/23/14,19.47,16737,20.48,20.48,19.34
4/22/14,20.59,23170,20.03,20.72,20.004
4/21/14,20.13,15501,19.72,20.25,19.5701
4/17/14,19.72,34423,19.48,20.458,19.3
4/16/14,19.6,19790,19.79,19.79,19.26
4/15/14,19.57,34052,19.91,19.91,19.1
4/14/14,19.86,11178,20.1,20.25,19.75
4/11/14,19.85,22963,19.91,20.04,19.54
4/10/14,20.11,32963,21.02,21.24,19.84
4/9/14,21.13,18657,20.75,21.25,20.75
4/8/14,20.75,23571,20.61,20.99,20.38
4/7/14,20.51,31612,20.84,21.59,19.5701
4/4/14,20.84,140587,19.28,21.15,18.601
4/3/14,19.11,11219,19.7,19.89,18.88
4/2/14,19.6,21995,20.08,20.1463,19.56
4/1/14,19.95,20284,19.59,20.1,19.49
3/31/14,19.51,37520,19.41,19.75,19.26
3/28/14,19.12,31920,19.5,19.69,19.01
3/27/14,19.38,30035,19.97,20,19.18
3/26/14,19.88,20712,20.8,20.8,19.87
3/25/14,20.58,12968,20.35,20.75,20.35
3/24/14,20.51,17919,20.92,20.99,20.42
3/21/14,20.9,48499,21.13,21.13,20.73
3/20/14,21.18,17188,20.69,21.875,20.62
3/19/14,20.81,14089,21.01,21.12,20.74
3/18/14,21.13,11645,21.06,21.16,20.86
3/17/14,20.99,10087,21.3,21.3,20.9
3/14/14,20.94,15264,21.13,21.68,20.87
3/13/14,21.27,10992,21.71,21.71,21.01
3/12/14,21.56,12989,21.4,21.74,21.14
3/11/14,21.26,11420,21.64,21.75,21.166
3/10/14,21.9,17915,21.62,21.94,21.36
3/7/14,21.74,9512,21.75,21.75,21.4968
3/6/14,21.59,22173,21.3,21.59,20.91
3/5/14,21.33,24197,21.8,21.95,21.12
3/4/14,21.92,38919,20.75,22.15,20.75
3/3/14,20.58,22870,20.8,20.98,20.241
2/28/14,21.04,17037,21.31,21.57,20.66
2/27/14,21.23,7502,20.97,21.27,20.8325
2/26/14,21.06,12236,21.54,21.738,20.8401
2/25/14,21.45,6178,21.47,21.55,21.16
2/24/14,21.41,19516,20.96,21.88,20.96
2/21/14,20.86,29126,21.54,21.54,20.77
2/20/14,21.46,16444,20.8,21.6,20.72
2/19/14,20.97,17655,21.73,22.02,20.81
2/18/14,21.87,23696,22.11,22.11,21.47
2/14/14,21.95,64680,20.45,22.26,20.0601
2/13/14,20.41,24475,19.45,20.6,19.35
2/12/14,19.67,20339,19.42,19.75,19.22
2/11/14,19.43,17903,18.81,19.44,18.788
2/10/14,18.87,21388,19.13,19.17,18.81
2/7/14,19.4,24226,19.68,19.82,19.03
2/6/14,19.7,26148,19.77,19.85,19.441
2/5/14,19.63,18541,19.79,19.79,19.5
2/4/14,19.9,48705,19.9,20.57,19.09
2/3/14,19.89,50018,20.32,21.22,19.74
1/31/14,20.73,33694,20.91,21.27,20.546
1/30/14,21.3,25892,21.17,21.505,20.89
1/29/14,20.88,24949,21.33,21.43,20.78
1/28/14,21.62,39204,21.03,21.749,21.0101
1/27/14,21.1,14852,21.54,21.98,20.74
1/24/14,21.16,33343,21.04,21.34,20.7115
1/23/14,21.1,18148,20.06,21.45,20.06
1/22/14,21.07,27802,21.51,21.5679,20.9251
1/21/14,21.51,11554,21.56,21.71,21.4
1/17/14,21.35,26693,20.94,21.35,20.94
1/16/14,21,14442,20.99,21.27,20.9
1/15/14,21.12,15914,21.13,21.3,20.91
1/14/14,21.18,10656,21.22,21.22,20.0101
1/13/14,21.13,28880,21.26,21.3,21
1/10/14,21.17,12726,21.06,21.318,21
1/9/14,21,14881,21.2,21.2,20.83
1/8/14,21.07,21764,21.23,21.51,21.0301
1/7/14,21.24,19816,21.01,21.39,20.911
1/6/14,20.92,20454,20.59,20.97,20.59
1/3/14,20.44,57384,20.04,20.71,19.585
1/2/14,20.04,43675,20.55,20.82,19.84
12/31/13,20.16,32783,20.46,20.46,19.56
12/30/13,20.4,24412,20.05,20.68,19.82
12/27/13,20.12,18917,20.28,20.28,20.08
12/26/13,20.17,25757,20.454,20.454,19.9701
12/24/13,20.44,17173,20.55,20.63,20.2101
12/23/13,20.59,29453,20.56,20.6,20.16
12/20/13,20.41,130825,20.01,20.59,20.01
12/19/13,19.91,24917,20.37,20.37,19.821
12/18/13,20.45,25369,20.35,20.67,20.25
12/17/13,20.26,17162,20.49,20.52,20.01
12/16/13,20.49,17440,20.07,20.61,20.07
12/13/13,19.92,21357,20.05,20.15,19.84
12/12/13,19.95,26263,20.52,20.7164,19.84
12/11/13,20.6,18990,20.83,20.83,20.4
12/10/13,20.89,26660,21.36,21.47,20.81
12/9/13,21.36,36736,20.87,21.37,20.87
12/6/13,20.79,21166,20.46,21.06,20.43
12/5/13,20.44,43754,19.75,20.7699,19.75
12/4/13,19.83,25435,20.17,20.84,19.75
12/3/13,20.3,24845,20.2,20.57,20.07
12/2/13,20.16,18000,20.98,21.0275,20.02
11/29/13,21.12,6948,21.28,21.28,20.93
11/27/13,21.12,18784,20.67,21.14,20.59
11/26/13,20.72,22942,20.43,20.83,20.07
11/25/13,20.33,16090,19.84,20.5045,19.84
11/22/13,19.72,23240,19.24,20.09,19.2
11/21/13,19.29,20096,18.83,19.3499,18.79
11/20/13,18.81,12462,18.83,18.88,18.58
11/19/13,18.74,10165,18.57,18.8415,18.57
11/18/13,18.85,8277,18.8,19,18.68
11/15/13,18.81,18469,18.59,18.84,18.56
11/14/13,18.62,9137,18.76,18.76,18.53
11/13/13,18.83,10221,18.79,18.83,18.52
11/12/13,18.85,7656,18.63,18.86,18.6
11/11/13,18.77,37654,18.71,18.9155,18.71
11/8/13,18.8,16995,18.6,18.89,18.52
11/7/13,18.52,15587,18.74,18.96,18.51
11/6/13,18.7,8158,18.79,19.11,18.7
11/5/13,18.75,18562,18.68,19.3,18.51
11/4/13,18.7,23953,18.9,18.97,18.53
11/1/13,18.7,47476,18.26,19.0025,18.12
10/31/13,18.31,27781,18.42,18.43,18.06
10/30/13,18.51,14792,18.92,18.92,18.43
10/29/13,18.92,20549,18.89,19.064,18.56
10/28/13,18.8,11940,18.64,18.88,18.621
10/25/13,18.78,10417,18.8,18.929,18.71
10/24/13,18.78,8122,18.72,18.79,18.49
10/23/13,18.63,10849,18.45,18.77,18.45
10/22/13,18.46,13661,18.64,18.8,18.34
10/21/13,18.52,27246,18.75,18.8,18.47
10/18/13,18.79,29206,18.61,18.96,18.48
10/17/13,18.41,14105,18.25,18.66,18.25
10/16/13,18.33,18711,18.57,18.656,18.2775
10/15/13,18.41,33248,18.11,18.49,18.05
10/14/13,18.14,36781,17.7,18.38,17.66
10/11/13,17.83,18023,17.41,17.84,17.23
10/10/13,17.5,35296,17.42,17.7,17
10/9/13,17.25,21181,17.3,17.5295,17.1369
10/8/13,17.3,28387,17.34,17.5,17.07
10/7/13,17.49,12539,17.78,17.93,17.48
10/4/13,17.9,39722,17.5,18.09,17.5
10/3/13,17.54,24516,17.7,17.7372,17.4
10/2/13,17.56,32116,17.71,18.3735,17.48
10/1/13,17.93,11047,17.74,18.045,17.68
9/30/13,17.86,31213,18,18,17.4218
9/27/13,18.16,7572,18.24,18.4,18.08
9/26/13,18.38,16312,18.28,18.44,18.0096
9/25/13,18.22,12782,18,18.28,18
9/24/13,18,16427,17.68,18.13,17.68
9/23/13,17.86,28288,17.59,18.02,17.43
9/20/13,17.61,64339,17.53,17.74,17.15
9/19/13,17.53,24364,17.23,17.6,17.03
9/18/13,17.5,10511,17.25,17.5,17.24
9/17/13,17.2,16419,17.0501,17.39,17.0501
9/16/13,17.11,10703,17.4,17.4,17.05
9/13/13,17.22,25421,17.04,17.37,16.83
9/12/13,16.98,38031,16.807,17.27,16.73
9/11/13,16.99,23642,17.02,17.265,16.805
9/10/13,17.09,14785,17.1,17.1,16.8
9/9/13,17.18,37876,16.13,17.44,15.66
9/6/13,16.12,32461,16.53,16.53,15.95
9/5/13,16.61,9258,16.75,16.75,16.46
9/4/13,16.74,20564,16.35,16.74,16.23
9/3/13,16.38,29102,16.14,16.54,15.633
8/30/13,16.01,33396,16.36,16.3699,15.9
8/29/13,16.45,10032,16.31,16.49,16.24
8/28/13,16.29,29787,16.26,16.88,16.22
8/27/13,16.3,23799,16.76,17.33,16.27
8/26/13,16.95,13169,16.81,17.44,16.52
8/23/13,16.94,6716,16.98,17.18,16.86
8/22/13,17,7069,16.68,17.05,16.68
8/21/13,16.73,13294,17.4,17.4,16.72
8/20/13,17.5,9077,17.5,17.68,17.17
8/19/13,17.43,59044,16.05,17.89,15.95
8/16/13,16.28,18117,16.23,16.38,16.0845
8/15/13,16.35,21103,16.92,16.92,16.33
8/14/13,17.01,7401,17.1,17.2167,17
8/13/13,17.15,7245,17.5,17.5,17.06
8/12/13,17.47,4650,17.59,17.79,17.4
8/9/13,17.74,17310,17.524,17.76,17.23
8/8/13,17.55,9315,17.21,17.58,17.21
8/7/13,17.17,24621,17.44,17.44,16.76
8/6/13,17.54,18494,17.8,17.8384,17.39
8/5/13,17.9,13489,18.16,18.16,17.7
8/2/13,18,14910,17.78,18.14,17.68
8/1/13,17.91,16208,17.87,18.12,17.86
7/31/13,17.78,12768,17.62,17.83,17.52
7/30/13,17.62,4913,17.71,17.71,17.47
7/29/13,17.59,10914,17.94,17.94,17.44
7/26/13,17.84,11653,18.23,18.32,17.78
7/25/13,18.26,27502,17.93,18.26,17.85
7/24/13,17.93,12212,17.87,18,17.65
7/23/13,17.86,18178,17.95,18.1,17.72
7/22/13,17.86,65083,18.06,18.4,17.7
7/19/13,18.19,33353,18.07,18.24,18
7/18/13,18.08,30527,18.15,18.15,17.9705
7/17/13,18.08,18759,18.14,18.3019,17.86
7/16/13,18.16,32640,18.02,18.34,17.87
7/15/13,18.06,21635,17.37,18.08,17.201
7/12/13,17.42,15285,17.83,17.93,17.4
7/11/13,17.92,33276,18.56,18.62,17.55
7/10/13,18.12,24963,18.4,18.44,17.981
7/9/13,18.44,37369,18.11,18.66,18.05
7/8/13,18.05,16852,17.72,18.11,17.71
7/5/13,17.8,15408,17.46,17.88,17.18
7/3/13,17.34,7505,17.26,17.62,17.14
7/2/13,17.39,10598,16.9001,17.83,16.9001
7/1/13,17.72,10282,17.17,17.79,17.17
6/28/13,17.47,73019,17.21,17.87,17.15
6/27/13,17.31,19227,17.2,17.42,17.18
6/26/13,17.27,11808,17.36,17.415,17.22
6/25/13,17.25,15661,17.23,17.35,17.05
6/24/13,17.09,28849,17.16,17.29,16.65
6/21/13,17.27,49642,16.9,17.29,16.89
6/20/13,16.85,15335,17.03,17.21,16.79
6/19/13,17.22,15306,17.41,17.63,17.13
6/18/13,17.46,26003,17.24,17.77,17.24
6/17/13,17.37,11764,17.32,17.49,16.98
6/14/13,17.2,19197,17.8,17.92,17.1
6/13/13,17.89,30897,17.7,17.9,17.5
6/12/13,17.78,15687,17.83,18.04,17.59
6/11/13,17.76,20367,17.84,17.94,17.56
6/10/13,17.99,51483,17.68,18.165,17.53
6/7/13,17.67,43551,17.96,17.96,17.53
6/6/13,17.84,68521,17.32,17.86,17.1201
6/5/13,17.37,44217,16.97,17.53,16.94
6/4/13,16.94,125972,17.21,17.72,16.82
6/3/13,17.28,110766,16.45,17.39,16.45
5/31/13,16.43,32224,16.3,16.57,15.93
5/30/13,16.44,29307,16.25,16.44,16.171
5/29/13,16.15,11231,16.25,16.25,16.04
5/28/13,16.4,27918,16.16,16.43,16.142
5/24/13,16.09,14969,15.78,16.24,15.78
5/23/13,15.93,85722,15.98,15.98,15.18
5/22/13,15.96,58692,17.39,17.3999,15.85
5/21/13,17.39,113382,15.82,17.5099,15.82
5/20/13,15.84,81722,15.68,15.89,15.63
5/17/13,15.68,29394,15.68,15.8,15.6
5/16/13,15.66,49539,15.45,15.8,15.25
5/15/13,15.45,29092,14.83,15.4999,14.83
5/14/13,14.84,18779,14.85,14.9,14.677
5/13/13,14.78,13837,14.68,14.8249,14.68
5/10/13,14.67,9912,14.65,14.8,14.51
5/9/13,14.63,11880,14.72,14.84,14.55
5/8/13,14.78,16290,14.62,14.78,14.5
5/7/13,14.71,10392,14.66,14.72,14.56
5/6/13,14.68,6650,14.71,14.71,14.5
5/3/13,14.67,18648,14.8,14.8699,14.59
5/2/13,14.65,22663,14.54,14.86,14.54
5/1/13,14.48,38556,14.69,14.89,14.48
4/30/13,14.73,25614,14.59,14.73,14.565
4/29/13,14.6,15261,14.54,14.72,14.52
4/26/13,14.57,20135,14.48,14.715,14.4501
4/25/13,14.55,16239,14.43,14.68,14.3801
4/24/13,14.42,7051,14.39,14.4499,14.31
4/23/13,14.44,26213,14.26,14.5,14.2
4/22/13,14.2,13325,14.22,14.4,14.01
4/19/13,14.13,20498,13.93,14.2,13.93
4/18/13,13.94,32849,13.85,14.07,13.85
4/17/13,13.85,24297,13.99,14.0024,13.7801
4/16/13,14.08,17962,14.07,14.2499,13.9
4/15/13,13.98,68530,14.22,14.32,13.96
4/12/13,14.22,19997,14.199,14.309,14.1401
4/11/13,14.18,23251,14,14.2,14
4/10/13,14.08,21018,14.08,14.14,13.98
4/9/13,14.07,14499,14.05,14.19,13.97
4/8/13,14.01,18938,13.99,14.04,13.9301
4/5/13,13.98,18461,13.73,14.01,13.73
4/4/13,13.94,25848,13.5795,13.95,13.5795
4/3/13,13.88,18530,13.94,13.94,13.7566
4/2/13,13.95,49497,13.87,13.99,13.79
4/1/13,13.83,60799,13.7,13.98,13.7
3/28/13,14.05,27217,14.19,14.25,13.89
3/27/13,14.15,72592,13.93,14.23,13.79
3/26/13,13.98,56446,13.75,14,13.65
3/25/13,13.75,48807,13.88,13.95,13.7
3/22/13,13.98,28506,13.98,14.06,13.87
3/21/13,13.99,62730,13.98,14.25,13.97
3/20/13,14.07,59974,13.98,14.15,13.98
3/19/13,13.96,69465,13.94,14.06,13.89
3/18/13,13.97,30524,13.84,14.01,13.84
3/15/13,13.95,59725,13.98,14,13.82
3/14/13,13.98,7180,13.9,14,13.815
3/13/13,13.85,22109,13.87,14.0599,13.8101
3/12/13,13.82,23713,13.8,14.08,13.6163
3/11/13,13.85,20668,14.06,14.1,13.81
3/8/13,14.13,29202,14.02,14.24,13.99
3/7/13,13.93,21371,13.69,14,13.69
3/6/13,13.65,24980,13.81,13.9195,13.64
3/5/13,13.85,29263,13.95,13.96,13.7418
3/4/13,13.89,33757,13.52,13.95,13.45
3/1/13,13.52,30285,13.34,13.55,13.21
2/28/13,13.38,37271,13.31,13.54,13.3
2/27/13,13.37,32606,13.5,13.5,13.29
2/26/13,13.48,27620,13.47,13.55,13.2701
2/25/13,13.41,26274,13.58,13.62,13.41
2/22/13,13.55,32378,13.5,13.59,13.3802
2/21/13,13.44,50810,13.39,13.55,13.21
2/20/13,13.4,32868,13.55,13.65,13.37
2/19/13,13.58,40355,13.5,13.64,13.4601
2/15/13,13.43,38374,13.41,13.5,13.37
2/14/13,13.36,38681,13.6,13.75,13.3
2/13/13,13.62,21372,13.69,13.77,13.55
2/12/13,13.72,26430,13.78,13.85,13.72
2/11/13,13.76,20690,13.84,13.95,13.67
2/8/13,13.84,33514,13.84,13.9,13.78
2/7/13,13.76,21548,13.8,13.8904,13.69
2/6/13,13.79,18576,13.645,13.81,13.62
2/5/13,13.69,40876,13.77,13.85,13.62
2/4/13,13.75,56642,13.74,13.89,13.6
2/1/13,13.81,92482,13.9,14,13.79
1/31/13,13.81,82245,13.75,13.98,13.73
1/30/13,13.73,105460,13.82,13.865,13.65
1/29/13,13.81,39527,13.8,13.8899,13.79
1/28/13,13.81,44893,13.99,13.99,13.7895
1/25/13,13.96,78930,14,14.06,13.85
1/24/13,13.94,28596,13.89,13.9425,13.8
1/23/13,13.95,110842,13.91,14,13.78
1/22/13,13.92,46198,13.92,13.99,13.9
1/18/13,13.95,31617,13.91,14.02,13.88
1/17/13,13.98,25356,14,14.06,13.94
1/16/13,13.93,71435,14.11,14.25,13.88
1/15/13,14.1,82416,14.32,14.32,14.02
1/14/13,14.35,34471,14.35,14.49,14.19
1/11/13,14.37,27172,14.28,14.4,14.16
1/10/13,14.24,23635,14.39,14.45,14.1
1/9/13,14.41,20007,14.31,14.45,14.25
1/8/13,14.24,28236,14.01,14.26,14.01
1/7/13,14.09,31258,14.08,14.26,14.01
1/4/13,14.18,26279,14.27,14.48,14.11
1/3/13,14.3,52450,14.39,14.54,14.25
1/2/13,14.48,75792,14.75,14.75,14.38
12/31/12,14.59,51947,14.37,14.7,14.37
12/28/12,14.46,45715,14.52,14.636,14.38
12/27/12,14.52,59757,14.74,14.74,14.1201
12/26/12,14.2,17851,14.32,14.58,14.1201
12/24/12,14.25,20358,14.72,14.72,14.1
12/21/12,14.66,148621,14.5,14.75,13.75
12/20/12,14.59,32765,14.22,14.6599,14.13
12/19/12,14.24,77420,14.3,14.31,13.86
12/18/12,14.27,65905,13.98,14.29,13.92
12/17/12,13.92,56279,13.94,14.02,13.62
12/14/12,13.89,41342,14.11,14.29,13.81
12/13/12,14.19,17201,14.19,14.3,14.1478
12/12/12,14.22,58708,14.69,14.69,14.18
12/11/12,14.69,37274,14.67,14.75,14.34
12/10/12,14.67,80806,14.9,15,14.42
12/7/12,14.98,64463,15.2,15.2,14.74
12/6/12,15.11,129758,14.88,15.19,14.81
12/5/12,14.89,238801,15.32,15.45,14.813
12/4/12,17.71,161200,17.3,17.75,17.21
12/3/12,17.28,149367,17.5,17.5,17.2015
11/30/12,17.16,224306,17.5,17.6787,17.0101
11/29/12,17,61770,17.14,17.14,16.6501
11/28/12,16.98,38053,16.57,17,16.3401
11/27/12,16.66,54487,17.07,17.2099,16.55
11/26/12,16.97,83690,16.91,17.34,16.82
11/23/12,16.89,144902,14.79,17.15,14.79
11/21/12,14.72,10231,14.88,14.89,14.43
11/20/12,14.81,26063,15,15,14.51
11/19/12,15.07,14809,14.44,15.08,14.39
11/16/12,14.37,39693,13.95,14.58,13.86
11/15/12,14.01,15201,14.18,14.26,13.96
11/14/12,14.24,13758,14.3,14.49,14.14
11/13/12,14.32,20058,14.28,14.51,14.05
11/12/12,14.3,12173,14.34,14.48,14.25
11/9/12,14.33,15448,14.39,14.45,14.25
11/8/12,14.47,13723,14.68,14.82,14.4
11/7/12,14.69,33336,14.87,14.95,14.62
11/6/12,14.98,17934,14.83,15.08,14.83
11/5/12,14.83,10967,14.65,14.98,14.51
11/2/12,14.61,35907,15.12,15.28,14.59
11/1/12,15.12,23301,14.9,15.18,14.79
10/31/12,14.87,27964,14.92,15.0715,14.58
10/26/12,14.95,26846,14.95,15.17,14.72
10/25/12,14.96,13103,14.84,14.99,14.57
10/24/12,14.73,20856,14.99,14.99,14.62
10/23/12,14.91,42527,14.76,14.91,14.591
10/22/12,14.84,44233,14.97,15.2091,14.76
10/19/12,15.04,37994,14.88,15.33,14.88
10/18/12,14.93,18393,15.37,15.4187,14.93
10/17/12,15.39,11388,15.29,15.48,15.18
10/16/12,15.31,28876,15.31,15.5383,15.3
10/15/12,15.4,15656,15.39,15.44,15.3
10/12/12,15.37,11873,15.44,15.49,15.351
10/11/12,15.46,17115,15.44,15.83,15.36
10/10/12,15.39,11318,15.33,15.5,15.3
10/9/12,15.35,10815,15.36,15.46,15.2
10/8/12,15.37,15788,15.38,15.55,15.17
10/5/12,15.4,22275,15.44,15.49,15.29
10/4/12,15.49,56240,15.33,15.49,15.21
10/3/12,15.24,25209,15.33,15.35,15.1301
10/2/12,15.26,17630,15.23,15.29,15.04
10/1/12,15.22,15275,15.2,15.28,15.09
9/28/12,15.16,17510,15.27,15.2799,14.97
9/27/12,15.27,28300,15.09,15.31,15.09
9/26/12,15.07,39660,15.05,15.34,14.98
9/25/12,15.02,17967,15.19,15.23,14.94
9/24/12,15.14,27510,15.01,15.21,14.81
9/21/12,15,65987,15.27,15.36,14.9951
9/20/12,15.07,17292,15.25,15.3,14.9
9/19/12,15.28,56398,15.3,15.59,15.1
9/18/12,15.01,18856,14.94,15.08,14.8
9/17/12,14.99,27143,14.8,15.11,14.75
9/14/12,14.87,45892,15,15.05,14.84
9/13/12,15.05,35092,15.09,15.14,14.89
9/12/12,15.06,53492,14.98,15.09,14.91
9/11/12,14.98,26733,15.14,15.2299,14.8599
9/10/12,15.02,11242,15,15.24,14.85
9/7/12,15.01,36058,15,15.04,14.71
9/6/12,15.04,38299,14.98,15.0899,14.65
9/5/12,14.44,35561,14.64,14.9,14.38
9/4/12,14.66,54280,14.74,15.005,14.4643
8/31/12,14.88,32025,14.77,15.02,14.66
8/30/12,14.67,18755,14.86,14.94,14.66
8/29/12,14.94,25075,14.84,14.97,14.56
8/28/12,14.82,17453,14.76,14.8699,14.63
8/27/12,14.8,9187,14.77,14.84,14.69
8/24/12,14.85,5934,14.76,14.967,14.66
8/23/12,14.72,15421,14.63,14.81,14.6
8/22/12,14.77,18167,14.55,14.9395,14.48
8/21/12,14.6,35410,14.93,15.01,14.6
8/20/12,14.92,15818,14.54,14.95,14.3901
8/17/12,14.69,37251,14.25,14.75,14.2101
8/16/12,14.3,17930,14.19,14.3,14.1002
8/15/12,14.2,8841,14.16,14.2434,14.1
8/14/12,14.25,12752,14.37,14.37,14.1501
8/13/12,14.35,45185,14.1,14.35,14.05
8/10/12,14.1,11385,14.3,14.3,14.07
8/9/12,14.29,21741,14.2,14.35,14.2
8/8/12,14.27,46774,14.43,14.43,14.15
8/7/12,14.43,18524,14.82,14.86,14.38
8/6/12,14.74,15635,14.97,14.99,14.67
8/3/12,14.93,18050,14.48,15,14.48
8/2/12,14.44,23890,14.4,14.58,14.32
8/1/12,14.37,47901,14.53,14.56,14.34
7/31/12,14.5,17047,14.5,14.61,14.4625
7/30/12,14.5,7195,14.81,14.81,14.48
7/27/12,14.86,16744,14.4,14.87,14.38
7/26/12,14.31,9774,14.32,14.42,14.22
7/25/12,14.23,18724,14.21,14.34,14.03
7/24/12,14.14,33037,14.18,14.18,14
7/23/12,14.11,113263,14.15,14.52,13.9301
7/20/12,14.36,61205,14.1,14.7063,14.02
7/19/12,14.11,34945,14.1,14.1498,14
7/18/12,14.09,99827,14.45,14.64,13.86
7/17/12,14.41,60321,14.98,15.07,14.37
7/16/12,14.86,14994,14.97,14.97,14.69
7/13/12,14.94,37179,14.77,15.07,14.51
7/12/12,14.75,20793,14.51,14.91,14.3
7/11/12,14.66,28862,14.9,14.9,14.5
7/10/12,14.83,19556,14.98,15.04,14.81
7/9/12,14.97,33727,14.9,15.0399,14.9
7/6/12,14.82,13876,14.77,14.93,14.6307
7/5/12,14.93,9681,14.89,14.9999,14.84
7/3/12,14.98,29934,14.98,15.14,14.8501
7/2/12,15.02,47004,14.88,15.02,14.68
6/29/12,14.94,39906,14.19,15.02,14.19
6/28/12,13.93,24423,13.86,14,13.702
6/27/12,13.97,19776,13.8,13.98,13.74
6/26/12,13.79,14168,13.9399,13.97,13.6601
6/25/12,13.84,61539,13.57,13.92,13.57
6/22/12,13.7,93694,14.19,14.3,13.6918
6/21/12,14.17,25086,14.61,14.61,14.13
6/20/12,14.64,13348,14.89,14.89,14.6
6/19/12,14.93,34717,14.98,15.0499,14.86
6/18/12,14.94,39144,14.81,15.04,14.77
6/15/12,14.86,207351,14.9,15.07,14.621
6/14/12,14.98,35251,14.97,15.157,14.781
6/13/12,14.91,49190,14.91,15.0791,14.66
6/12/12,14.98,45150,14.93,15.05,14.82
6/11/12,14.9,250352,15.07,15.12,14.64
6/8/12,15.01,78214,14.7,15.3,14.7
6/7/12,14.78,41522,14.84,14.84,14.61
6/6/12,14.76,44217,14.55,14.85,14.39
6/5/12,14.52,43362,14.51,14.71,14.45
6/4/12,14.58,82322,14.14,14.9,14.14
6/1/12,14.12,34466,14.17,14.34,14.01
5/31/12,14.46,47311,14.12,14.58,14.01
5/30/12,14.06,37795,14.06,14.26,13.92
5/29/12,14.22,29127,14.14,14.35,13.95
5/25/12,14.01,15049,14.06,14.24,13.822
5/24/12,14.1,65023,14.28,14.28,13.68
5/23/12,14.21,61053,14.1,14.31,13.88
5/22/12,14.19,41641,14.66,14.66,14.055
5/21/12,14.72,20403,14.64,14.87,14.3709
5/18/12,14.56,58326,14.46,14.69,14.14
5/17/12,14.5,23504,14.85,14.85,14.43
5/16/12,14.87,13798,14.695,14.96,14.695
5/15/12,14.69,15392,14.71,14.85,14.59
5/14/12,14.79,39119,14.71,14.96,14.52
5/11/12,14.91,36695,14.55,14.96,14.53
5/10/12,14.63,18164,14.67,14.82,14.51
5/9/12,14.59,86782,14.18,14.98,14.07
5/8/12,14.28,39393,13.75,14.45,13.75
5/7/12,13.89,17727,13.71,14.03,13.64
5/4/12,13.77,44184,14.13,14.17,13.77
5/3/12,14.22,35144,14.47,14.47,13.81
5/2/12,14.44,21924,14.42,14.569,14.3
5/1/12,14.53,33948,14.86,15.12,14.49
4/30/12,14.86,94765,14.71,15.85,14.61
4/27/12,14.68,36597,14.42,14.87,14.42
4/26/12,14.43,28933,14.49,14.61,14.4
4/25/12,14.48,39048,14.5,14.67,14.35
4/24/12,14.39,45321,13.88,14.44,13.85
4/23/12,13.95,56011,14.56,14.56,13.74
4/20/12,14.66,109554,13.55,14.95,13.39
4/19/12,13.33,53383,13.67,14.08,13.3
4/18/12,13.67,68255,13.91,14.085,13.5
4/17/12,14.02,33980,14.05,14.1895,13.98
4/16/12,13.93,31094,14.22,14.37,13.81
4/13/12,14.22,23072,14.65,14.65,14.12
4/12/12,14.67,20413,14.54,14.81,14.51
4/11/12,14.51,41442,14.79,14.99,14.27
4/10/12,14.7,54319,15.41,15.42,14.59
4/9/12,15.41,31192,15.5,15.59,15.3901
4/5/12,15.65,22472,15.69,15.75,15.5
4/4/12,15.67,34462,15.75,15.86,15.54
4/3/12,15.94,31985,16.2,16.38,15.84
4/2/12,16.21,23362,16.04,16.21,15.9137
3/30/12,16.04,60605,16.27,16.42,16.03
3/29/12,16.13,19739,15.98,16.212,15.98
3/28/12,16.08,40078,16,16.16,16
3/27/12,16.08,54161,16.23,16.32,16.03
3/26/12,16.24,29147,16.04,16.29,15.93
3/23/12,15.95,21101,15.8,15.96,15.735
3/22/12,15.84,18771,15.69,15.86,15.68
3/21/12,15.75,30519,15.82,15.93,15.6
3/20/12,15.82,13963,15.85,16.04,15.82
3/19/12,15.99,29068,15.77,16.08,15.705
3/16/12,15.88,50222,15.8,15.88,15.66
3/15/12,15.74,23186,15.68,15.77,15.5717
3/14/12,15.66,26560,15.88,15.89,15.62
3/13/12,15.94,31572,15.82,15.99,15.541
3/12/12,15.72,30558,15.92,15.95,15.61
3/9/12,15.935,96304,16.01,16.29,15.65
3/8/12,16.05,45602,15.89,16.23,15.68
3/7/12,15.84,29505,15.49,15.93,15.41
3/6/12,15.46,32770,15.65,15.76,15.45
3/5/12,15.73,25162,15.53,15.75,15.53
3/2/12,15.58,43670,16.05,16.07,15.41
3/1/12,16.1,16357,16.12,16.24,16.08
2/29/12,16.01,34361,16.3,16.53,16.01
2/28/12,16.27,85651,16.43,16.49,16.22
2/27/12,16.47,10330,16.36,16.55,16.32
2/24/12,16.5,6416,16.67,16.67,16.49
2/23/12,16.69,20299,16.14,16.7,16.14
2/22/12,16.43,9092,16.53,16.53,16.38
2/21/12,16.53,6984,16.74,16.81,16.51
2/17/12,16.74,12914,16.79,16.796,16.6
2/16/12,16.8,35695,16.64,16.92,16.6
2/15/12,16.52,24300,16.66,16.67,16.46
2/14/12,16.685,11358,16.72,16.72,16.5
2/13/12,16.8,26150,16.53,16.81,16.4801
2/10/12,16.47,24682,16.51,16.63,16.4
2/9/12,16.58,17929,16.65,16.65,16.47
2/8/12,16.65,13626,16.553,16.758,16.44
2/7/12,16.76,7969,16.781,16.85,16.7
2/6/12,16.72,20742,16.82,16.896,16.61
2/3/12,16.94,39262,17.01,17.03,16.82
2/2/12,16.97,13122,16.83,16.98,16.83
2/1/12,16.9,38854,16.77,16.99,16.52
1/31/12,16.73,28247,16.64,16.9,16.43
1/30/12,16.58,16235,16.66,16.76,16.39
1/27/12,16.8,18225,16.38,16.8,16.02
1/26/12,16.36,30830,16.74,16.74,16.26
1/25/12,16.73,28684,16.51,16.93,16.44
1/24/12,16.6,62646,16.22,16.6,16.07
1/23/12,16.25,18519,16.21,16.35,16.02
1/20/12,16.17,21142,15.95,16.22,15.776
1/19/12,15.98,18886,15.94,15.99,15.81
1/18/12,15.93,36000,15.61,15.94,15.61
1/17/12,15.71,47618,15.94,16.0299,15.6
1/13/12,15.9,31215,16.1,16.33,15.86
1/12/12,16.23,20990,16.31,16.31,16.09
1/11/12,16.27,25487,16.3,16.37,15.93
1/10/12,16.36,85274,16.38,16.58,16.28
1/9/12,16.28,52013,15.65,16.64,15.65
1/6/12,15.67,29602,15.82,15.8299,15.64
1/5/12,15.8,19749,15.8,15.88,15.61
1/4/12,15.87,24681,16.11,16.11,15.87
1/3/12,16.13,69750,16.29,16.47,15.93
12/30/11,16.07,38516,16.01,16.2,16.01
12/29/11,16.02,62368,15.9,16.12,15.9
12/28/11,15.98,28532,16.2,16.2,15.94
12/27/11,16.2,38158,16.14,16.28,16.11
12/23/11,16.18,37085,16.2,16.26,16.15
12/22/11,16.23,63960,16.4,16.54,16.15
12/21/11,16.42,57438,16.66,16.77,16.36
12/20/11,16.74,39413,16.6,16.77,16.52
12/19/11,16.44,33226,16.44,16.67,16.27
12/16/11,16.36,107919,16.67,16.67,16.14
12/15/11,16.54,33015,16.36,16.615,16.25
12/14/11,16.1,47835,16.37,16.555,16.1
12/13/11,16.47,26365,16.65,16.7,16.44
12/12/11,16.56,37599,16.8,16.8,16.4515
12/9/11,16.98,31608,17,17.02,16.63
12/8/11,16.61,30265,17.19,17.19,16.6
12/7/11,17.24,17174,17.22,17.39,16.77
12/6/11,17.26,34513,17.08,17.35,16.78
12/5/11,16.96,49268,17.09,17.2,16.84
12/2/11,16.99,21532,16.98,17.035,16.58
12/1/11,16.82,36233,16.72,16.95,16.64
11/30/11,16.72,70869,16.5,16.77,16.3
11/29/11,16.26,73071,16.5,16.68,16.23
11/28/11,16.5,70880,16.42,16.72,15.9
11/25/11,16.09,14020,16.29,16.45,16.09
11/23/11,16.3,33677,16.46,16.46,16.21
11/22/11,16.5,19065,16.62,16.62,16.44
11/21/11,16.59,27022,16.75,16.91,16.41
11/18/11,16.91,16098,16.7,16.99,16.62
11/17/11,16.67,14427,16.8,16.98,16.59
11/16/11,16.74,22071,16.87,17.09,16.73
11/15/11,17.03,23746,16.69,17.05,16.45
11/14/11,16.66,21054,16.99,17.0501,16.55
11/11/11,17.08,23945,17.09,17.15,17.058
11/10/11,16.99,21353,16.92,17.09,16.25
11/9/11,16.69,40609,16.77,16.94,16.15
11/8/11,17.07,23704,17.1,17.1,16.8244
11/7/11,17.08,40861,17,17.152,16.85
11/4/11,17.07,19549,17.09,17.15,16.89
11/3/11,17.21,46257,16.88,17.23,16.74
11/2/11,16.86,44398,16.55,16.88,16.545
11/1/11,16.45,55137,16.51,16.7,16.35
10/31/11,16.92,50495,17.18,17.72,16.9
10/28/11,17.14,96384,17.06,17.76,16.7
10/27/11,17.11,79944,16.94,17.3,16.77
10/26/11,16.55,56966,16.69,16.84,16.35
10/25/11,16.48,62296,16.95,16.95,16.4
10/24/11,17.02,63101,16.57,17.13,16.56
10/21/11,16.6,30554,16.38,16.68,16.275
10/20/11,16.14,34864,16.55,16.55,16.07
10/19/11,16.33,38747,16.4,16.65,16.16
10/18/11,16.48,48314,16.35,16.61,16.09
10/17/11,16.31,29090,16.4,16.62,16.26
10/14/11,16.48,22492,16.36,16.52,16.2825
10/13/11,16.29,31434,16.19,16.34,16.01
10/12/11,16.24,37419,16.14,16.36,16.0601
10/11/11,16.14,28830,16.04,16.16,16
10/10/11,16.08,42147,16.09,16.13,15.85
10/7/11,15.8,37372,16.19,16.25,15.7
10/6/11,16.19,39815,16.01,16.2,15.95
10/5/11,16.03,29220,15.94,16.05,15.74
10/4/11,15.95,103141,14.94,16.03,14.65
10/3/11,14.99,53588,15.12,15.7,14.98
9/30/11,15.16,34847,15.02,15.35,14.81
9/29/11,15.23,44190,15.56,15.56,15
9/28/11,15.24,44661,15.92,15.92,15.22
9/27/11,15.96,31293,16.06,16.14,15.83
9/26/11,15.82,18294,15.58,15.89,15.17
9/23/11,15.52,56810,15.03,15.57,14.26
9/22/11,15.06,53624,15.38,15.38,14.88
9/21/11,15.7,35939,15.96,16.09,15.63
9/20/11,15.95,27887,16.16,16.18,15.86
9/19/11,16.16,31397,16.07,16.19,15.83
9/16/11,16.22,61285,16.29,16.33,16.15
9/15/11,16.19,29450,16.2,16.34,16.03
9/14/11,16.06,74047,16.19,16.19,15.88
9/13/11,16.08,46533,15.82,16.11,15.57
9/12/11,15.86,40613,15.22,15.95,15.22
9/9/11,15.46,70038,15.76,15.93,15.11
9/8/11,15.96,60977,16.16,16.64,15.83
9/7/11,16.21,204132,16.3,16.3,15.75
9/6/11,15.99,63506,15.08,16.04,15.08
9/2/11,15.66,46363,15.8,16.019,15.5
9/1/11,16.02,47322,16.42,16.44,16.02
8/31/11,16.49,58321,16.6,16.6,16.15
8/30/11,16.47,92823,16.1,16.57,16.1
8/29/11,16.24,55842,15.78,16.29,15.476
8/26/11,15.6,33918,15.2,15.81,14.9508
8/25/11,15.31,48544,16,16,15.3
8/24/11,15.9,72618,16,16.09,15.63
8/23/11,16.25,124374,15,16.25,14.92
8/22/11,15,62749,15.44,15.44,14.9925
8/19/11,15.06,92758,14.93,15.61,13.93
8/18/11,15.07,76756,15.1,15.27,14.94
8/17/11,15.48,61648,14.95,15.64,14.94
8/16/11,14.82,52687,14.94,15,14.67
8/15/11,14.94,58463,15.13,15.21,14.69
8/12/11,15.03,87533,14.52,15.13,14.33
8/11/11,14.43,55909,13.95,14.74,13.94
8/10/11,13.85,99206,14.79,14.83,13.77
8/9/11,15.16,108802,15.01,15.16,14.05
8/8/11,14.68,72254,15.2,15.73,14.66
8/5/11,15.42,99451,15.04,15.75,14.91
8/4/11,14.99,53412,15.18,15.27,14.98
8/3/11,15.26,36698,15.04,15.3,14.98
8/2/11,15.09,37732,15.28,15.39,14.98
8/1/11,15.29,59817,14.87,15.3,14.66
7/29/11,14.78,74277,14.79,15,14.69
7/28/11,14.96,30546,14.62,15.07,14.51
7/27/11,14.7,45055,15.02,15.0255,14.67
7/26/11,15.02,8846,15.05,15.21,14.9534
7/25/11,15.09,18316,15.17,15.3,15.0001
7/22/11,15.25,10147,15.28,15.31,15.07
7/21/11,15.26,45914,15.16,15.3,14.84
7/20/11,15.1,16361,15.32,15.46,15.07
7/19/11,15.3,48590,14.98,15.445,14.62
7/18/11,15.26,27353,15.4,15.4,14.93
7/15/11,15.46,86937,15.08,15.5,14.62
7/14/11,15.1,44446,15.52,15.52,14.8908
7/13/11,15.4,41874,15.28,15.52,15.05
7/12/11,15.25,74514,14.88,15.45,14.74
7/11/11,14.77,43858,14.71,14.925,14.59
7/8/11,14.76,39210,14.92,15.02,14.75
7/7/11,15.02,75687,14.75,15.15,14.64
7/6/11,14.65,50629,14.5,15.06,14.5
7/5/11,14.48,48560,14.65,14.74,14.31
7/1/11,14.63,20278,14.66,14.86,14.57
6/30/11,14.65,20147,14.75,14.9,14.41
6/29/11,14.69,36182,14.97,14.99,14.31
6/28/11,14.72,31183,14.67,15.04,14.63
6/27/11,14.67,18078,14.41,14.79,14.3129
6/24/11,14.37,96762,14.41,14.423,14
6/23/11,14.33,18978,14.01,14.36,13.9229
6/22/11,14.1,28962,14.07,14.469,13.64
6/21/11,14.14,22559,13.89,14.15,13.86
6/20/11,13.86,21938,13.65,13.89,13.65
6/17/11,13.68,61385,13.76,13.985,13.64
6/16/11,13.71,22600,13.7,13.73,13.5
6/15/11,13.63,27494,13.64,13.68,13.51
6/14/11,13.7,40988,13.56,13.74,13.56
6/13/11,13.5,29748,13.63,13.75,13.5
6/10/11,13.62,26115,13.73,13.79,13.61
6/9/11,13.74,9610,13.89,13.89,13.74
6/8/11,13.78,17448,13.65,13.82,13.64
6/7/11,13.62,8617,13.66,13.74,13.58
6/6/11,13.55,19602,13.55,13.8,13.55
6/3/11,13.56,31625,13.88,13.97,13.55
6/2/11,13.77,12236,13.72,13.89,13.71
6/1/11,13.67,23224,14.18,14.19,13.67
5/31/11,14.15,46925,13.89,14.16,13.8
5/27/11,13.83,14629,13.74,13.92,13.68
5/26/11,13.67,13406,13.71,13.83,13.53
5/25/11,13.77,16992,13.51,13.85,13.48
5/24/11,13.48,63579,13.97,14,13.44
5/23/11,13.9,54192,13.84,14.1,13.84
5/20/11,13.98,25073,14.06,14.06,13.94
5/19/11,14.085,17178,14.12,14.12,13.97
5/18/11,14,8814,14.02,14.09,14
5/17/11,14,18422,13.84,14.03,13.84
5/16/11,13.86,26670,13.77,14.05,13.77
5/13/11,13.79,17379,14.1,14.1,13.75
5/12/11,14.11,9331,13.83,14.15,13.76
5/11/11,13.89,24929,14.31,14.5755,13.89
5/10/11,14.32,20293,13.95,14.32,13.88
5/9/11,13.9,16063,13.7,13.92,13.62
5/6/11,13.59,28936,13.75,13.76,13.57
5/5/11,13.61,26894,13.62,13.84,13.49
5/4/11,13.63,31545,13.71,13.95,13.61
5/3/11,13.68,21474,13.61,13.76,13.41
5/2/11,13.58,15347,13.97,14.06,13.58
4/29/11,13.92,52419,14.1,14.15,13.87
4/28/11,14.05,14587,13.88,14.69,13.88
4/27/11,13.87,46709,13.59,13.88,13.59
4/26/11,13.59,55448,13.49,13.65,13.42
4/25/11,13.49,37229,13.6,13.6,13.44
4/21/11,13.6,27340,13.74,13.74,13.54
4/20/11,13.68,65717,13.93,13.93,13.37
4/19/11,13.81,22278,14.07,14.19,13.73
4/18/11,14.1,23722,14.3,14.36,14.08
4/15/11,14.43,39714,14.33,14.5,14.1929
4/14/11,14.39,42846,14.27,14.44,14.19
4/13/11,14.31,45151,14.3,14.49,14.26
4/12/11,14.28,47816,14.15,14.32,14
4/11/11,14.2,39740,14.01,14.32,13.89
4/8/11,13.93,41970,13.75,14,13.66
4/7/11,13.77,68222,13.67,13.87,13.61
4/6/11,13.67,37636,13.32,13.67,13.32
4/5/11,13.34,46945,13.71,13.75,13.29
4/4/11,13.74,26523,13.71,13.79,13.52
4/1/11,13.79,21299,13.73,13.8,13.695
3/31/11,13.73,28710,13.65,13.84,13.65
3/30/11,13.709,15911,13.9,13.9,13.66
3/29/11,13.89,13135,13.75,13.92,13.56
3/28/11,13.78,21766,13.94,13.999,13.75
3/25/11,13.85,21433,13.89,14,13.82
3/24/11,13.8,28906,13.83,13.84,13.63
3/23/11,13.73,51267,13.69,13.88,13.39
3/22/11,13.74,25610,13.58,13.74,13.456
3/21/11,13.58,42498,13.38,13.58,13.31
3/18/11,13.23,64131,12.71,13.28,12.71
3/17/11,12.65,28733,12.91,12.91,12.63
3/16/11,12.77,36156,12.8,12.9,12.75
3/15/11,12.82,35389,12.82,12.9,12.61
3/14/11,12.67,21928,12.7,12.77,12.6
3/11/11,12.77,34736,12.72,12.8099,12.56
3/10/11,12.55,30594,12.69,12.69,12.51
3/9/11,12.75,20705,12.76,12.84,12.71
3/8/11,12.76,13991,12.61,12.79,12.58
3/7/11,12.64,21034,12.75,12.753,12.51
3/4/11,12.64,32417,12.6,12.64,12.51
3/3/11,12.6,45432,12.6,12.83,12.54
3/2/11,12.56,35203,12.6,12.73,12.42
3/1/11,12.6,32866,12.6901,12.7899,12.6
2/28/11,12.69,25157,12.9,12.9,12.62
2/25/11,12.83,21661,12.9,12.9,12.6
2/24/11,12.87,74228,12.51,12.92,12.45
2/23/11,12.45,36256,12.51,12.63,12.3
2/22/11,12.49,44262,12.51,12.73,12.49
2/18/11,12.71,38335,12.64,12.74,12.5
2/17/11,12.61,26332,12.5,12.63,12.5
2/16/11,12.55,20302,12.6,12.61,12.46
2/15/11,12.56,49768,12.51,12.759,12.46
2/14/11,12.5,33129,12.59,12.7231,12.5
2/11/11,12.51,45492,12.56,12.58,12.41
2/10/11,12.58,60850,12.53,12.64,12.513
2/9/11,12.6,62406,12.88,12.88,12.34
2/8/11,12.89,32681,12.81,12.9,12.66
2/7/11,12.8,27030,12.92,13.12,12.62
2/4/11,12.93,19527,13.03,13.08,12.77
2/3/11,13.06,22272,13.56,13.62,13.04
2/2/11,13.59,14916,13.64,13.74,13.51
2/1/11,13.65,38426,13.47,13.69,13.291
1/31/11,13.45,96590,12.8,13.45,12.655
1/28/11,12.74,66484,12.9,12.9,12.4401
1/27/11,12.96,13701,13.07,13.12,12.8207
1/26/11,13.04,19232,13.05,13.13,12.89
1/25/11,12.96,21756,12.83,12.96,12.66
1/24/11,12.95,30996,13.04,13.04,12.66
1/21/11,13,43790,13.31,13.33,12.78
1/20/11,13.25,30685,13.33,13.4,13.25
1/19/11,13.4,34886,13.67,13.67,13.38
1/18/11,13.72,14059,13.6,13.74,13.495
1/14/11,13.67,16430,13.707,13.71,13.59
1/13/11,13.72,14709,13.8,13.85,13.655
1/12/11,13.78,49912,13.71,13.8,13.61
1/11/11,13.64,31197,13.7,13.7,13.54
1/10/11,13.65,21588,13.57,13.73,13.57
1/7/11,13.64,40401,13.7,13.71,13.5
1/6/11,13.67,38689,13.66,13.67,13.5
1/5/11,13.61,95500,13.4,13.62,13.34
1/4/11,13.4,55276,13.56,13.64,13.12
1/3/11,13.56,74726,13.17,13.62,13.16
12/31/10,13.14,48184,13.61,13.61,13.1
12/30/10,13.62,29669,13.65,13.74,13.5
12/29/10,13.61,47605,13.45,13.69,13.37
12/28/10,13.46,34410,13.44,13.46,13.36
12/27/10,13.39,55772,13.16,13.44,13.04
12/23/10,13.24,35846,13.28,13.33,13.16
12/22/10,13.32,19728,13.45,13.45,13.26
12/21/10,13.41,49466,13.4,13.43,13.23
12/20/10,13.3,74343,13.12,13.38,13
12/17/10,13.17,167385,13.35,13.35,13
12/16/10,13.3875,110195,13.39,13.5,13.05
12/15/10,13.2,58706,13.47,13.49,13.18
12/14/10,13.46,217897,12.97,13.5,12.82
12/13/10,15.12,272139,15.15,15.45,15.01
12/10/10,15.19,138962,15.2,15.2,15.08
12/9/10,15.19,77609,15.19,15.21,14.97
12/8/10,15,132766,15.08,15.24,14.98
12/7/10,14.975,197646,15.13,15.29,14.86
12/6/10,14.74,251520,14.01,15.27,13.88
12/3/10,13.96,106580,13.41,14.44,13.4
12/2/10,13.36,61807,13.33,13.48,13.155
12/1/10,13.33,62364,13.33,13.35,13.04
11/30/10,13.09,463687,13.33,13.4,12.94
11/29/10,13.21,341416,13.56,13.57,12.78
11/26/10,13.68,23636,13.9,13.9,13.63
11/24/10,13.95,20388,14.07,14.22,13.89
11/23/10,13.92,16497,13.96,14.1295,13.9
11/22/10,14.01,40310,13.96,14.14,13.96
11/19/10,14,28281,14.02,14.1,13.97
11/18/10,14,24835,14,14.03,13.95
11/17/10,13.88,16932,13.97,14.07,13.86
11/16/10,13.97,29756,14.04,14.06,13.88
11/15/10,14.1,48879,14.17,14.4,14.05
11/12/10,14.14,18591,14,14.489,14
11/11/10,14.04,16616,14.15,14.29,14.02
11/10/10,14.29,33689,14.46,14.67,14.21
11/9/10,14.38,17460,14.75,14.75,14.28
11/8/10,14.7,13285,14.45,14.74,14.41
11/5/10,14.55,16849,14.6,14.63,14.5
11/4/10,14.65,29405,14.77,14.77,14.56
11/3/10,14.65,11117,14.5,14.68,14.5
11/2/10,14.46,21202,14.18,14.46,14.13
11/1/10,14.01,19808,14.35,14.35,13.92
10/29/10,14.3,20950,14.11,14.499,13.91
10/28/10,14.22,59033,14.1,14.55,13.97
10/27/10,14.06,43048,14.41,14.41,13.91
10/26/10,14.53,28484,14.37,14.62,14.35
10/25/10,14.49,10056,14.55,14.76,14.28
10/22/10,14.42,19016,14.29,14.53,14.13
10/21/10,14.28,29732,14.7,14.79,14.15
10/20/10,14.6,41503,14.49,14.9,14.271
10/19/10,14.41,43000,14.47,14.51,14.12
10/18/10,14.68,25093,14.55,14.8,13.86
10/15/10,14.49,28949,14.67,14.71,14.44
10/14/10,14.5,30154,14.38,14.53,14.14
10/13/10,14.56,106858,14.13,15.0599,13.93
10/12/10,14.12,50145,14.01,14.17,13.88
10/11/10,14.09,45252,14.62,14.67,14.01
10/8/10,14.52,39823,14,14.58,13.7619
10/7/10,14.02,24201,14.5,14.5,14
10/6/10,14.4,34881,14.75,14.75,14.35
10/5/10,14.74,71901,14.3,14.789,14.3
10/4/10,14.22,55165,14.03,14.29,14.03
10/1/10,14.12,27525,14.04,14.24,13.91
9/30/10,14,37380,14,14.06,13.9
9/29/10,13.94,46129,14,14.02,13.85
9/28/10,14,30195,13.99,14.21,13.91
9/27/10,13.93,28100,14,14,13.91
9/24/10,13.97,53489,13.95,14.06,13.77
9/23/10,13.79,36716,13.9,14.08,13.611
9/22/10,14,22166,14.02,14.15,13.95
9/21/10,14.11,40980,14.29,14.29,14.04
9/20/10,14.289,54177,14.04,14.31,13.91
9/17/10,14.05,109392,14.39,14.552,14.04
9/16/10,14.24,44724,14.11,14.537,13.97
9/15/10,14.17,87240,14.6,14.6101,14.09
9/14/10,14.66,44119,14.76,14.82,14.53
9/13/10,14.85,87712,14.83,14.99,14.59
9/10/10,14.85,44504,14.81,15.229,14.55
9/9/10,14.81,11897,14.98,14.98,14.77
9/8/10,14.88,114999,14.86,15,14.63
9/7/10,14.9,41814,14.89,15,14.74
9/3/10,14.99,36927,15,15,14.8
9/2/10,14.9,40638,15,15,14.64
9/1/10,14.98,109263,14.52,14.98,14.3501
8/31/10,14.34,430162,13.7,14.36,13.3
8/30/10,13.65,137800,13.12,13.85,13.12
8/27/10,13.03,41529,12.9,13.09,12.6
8/26/10,12.74,39099,12.95,12.95,12.58
8/25/10,12.95,98651,12.5,12.95,12.5
8/24/10,12.48,30793,12.5,12.63,12.48
8/23/10,12.55,27779,12.81,12.81,12.54
8/20/10,12.78,67047,12.79,13.16,12.73
8/19/10,12.85,41604,13.38,13.59,12.84
8/18/10,13.42,37178,13.34,13.49,13.211
8/17/10,13.39,194071,13.38,13.54,13.02
8/16/10,13.23,82538,12.58,13.24,12.575
8/13/10,12.69,68596,12.43,12.77,12.43
8/12/10,12.5,51089,12.32,12.59,12.32
8/11/10,12.49,119897,13.22,13.24,12.47
8/10/10,13.45,49445,13.68,13.68,13.2
8/9/10,13.86,23697,13.72,13.88,13.585
8/6/10,13.6,24195,13.54,13.78,13.36
8/5/10,13.57,21846,13.84,13.94,13.54
8/4/10,13.89,38128,13.72,14,13.69
8/3/10,13.62,90431,13.76,13.76,12.89
8/2/10,13.87,57798,14.31,14.31,13.725
7/30/10,14.22,33818,14.07,14.3,13.62
7/29/10,14.19,21487,14.36,14.41,13.98
7/28/10,14.21,39417,14.26,14.38,14.181
7/27/10,14.35,72455,14.11,14.41,13.8
7/26/10,14.11,77854,14.09,14.11,13.99
7/23/10,14.1,62392,13.87,14.1,13.87
7/22/10,13.96,77775,13.91,14.01,13.71
7/21/10,13.71,45959,13.95,13.99,13.65
7/20/10,13.93,46667,13.72,13.94,13.65
7/19/10,13.88,41079,13.63,13.88,13.51
7/16/10,13.61,56508,13.91,14.04,13.59
7/15/10,14.01,31394,14.25,14.25,13.96
7/14/10,14.15,75607,14.1,14.27,13.88
7/13/10,14.19,132079,13.79,14.23,13.69
7/12/10,13.55,89332,13.1,13.7,13.0713
7/9/10,13.14,52488,12.97,13.19,12.95
7/8/10,12.99,43301,12.84,13.11,12.84
7/7/10,12.76,43981,12.48,12.82,12.43
7/6/10,12.4,36054,12.42,12.64,12.37
7/2/10,12.31,16259,12.32,12.5,12.24
7/1/10,12.28,48029,12.25,12.34,12.021
6/30/10,12.28,24925,12.36,12.63,12.26
6/29/10,12.32,59480,12.62,12.76,12.16
6/28/10,12.83,59607,12.67,12.9,12.4125
6/25/10,12.79,385937,12.11,12.79,12.11
6/24/10,12.03,42897,12.06,12.4,12
6/23/10,12.14,64668,11.95,12.16,11.85
6/22/10,11.88,35460,12.04,12.08,11.835
6/21/10,11.97,118944,12.17,12.195,11.91
6/18/10,12.07,91783,12.2,12.55,12.07
6/17/10,12.29,14003,12.32,12.335,12.19
6/16/10,12.3,61798,12.25,12.425,12.16
6/15/10,12.3,79490,12.32,12.365,12.25
6/14/10,12.31,28474,12.13,12.42,12.0701
6/11/10,12.07,55369,12,12.1,11.92
6/10/10,12,42572,11.84,12,11.77
6/9/10,11.72,35535,11.73,12,11.55
6/8/10,11.6,22185,11.55,11.75,11.3
6/7/10,11.48,29900,11.62,11.79,11.48
6/4/10,11.64,60441,11.78,11.95,11.56
6/3/10,11.97,81253,12.08,12.22,11.89
6/2/10,12.12,39630,11.67,12.13,11.67
6/1/10,11.76,54333,11.89,12.06,11.75
5/28/10,11.94,45246,11.86,12.027,11.73
5/27/10,11.85,70969,11.8,11.85,11.51
5/26/10,11.62,50120,11.61,11.94,11.53
5/25/10,11.55,54483,11.55,11.67,11.5
5/24/10,11.72,43820,11.85,11.99,11.67
5/21/10,11.82,89359,11.47,11.99,11.45
5/20/10,11.64,67687,11.66,11.93,11.47
5/19/10,11.92,57800,11.88,12.04,11.56
5/18/10,11.89,31010,12,12.01,11.72
5/17/10,11.97,50351,12,12.01,11.82
5/14/10,11.99,58977,11.92,12,11.65
5/13/10,11.95,46491,12,12.005,11.85
5/12/10,12,69541,12,12.05,11.9
5/11/10,12,145765,11.8,12.1,11.74
5/10/10,11.71,49300,11.38,11.75,11.21
5/7/10,11.07,62035,11.22,11.64,10.88
5/6/10,11.21,68243,11.25,11.6,10.77
5/5/10,11.35,54981,11.54,11.72,11.32
5/4/10,11.55,25209,11.57,11.62,11.38
5/3/10,11.65,29229,11.68,11.68,11.27
4/30/10,11.6,46329,11.65,11.68,11.46
4/29/10,11.68,35542,11.58,11.82,11.47
4/28/10,11.54,19453,11.5,11.57,11.4
4/27/10,11.41,25770,11.52,11.65,11.4
4/26/10,11.58,24971,11.52,11.64,11.4301
4/23/10,11.51,44071,11.49,11.54,11.45
4/22/10,11.5,29112,11.5,11.6199,11.4
4/21/10,11.59,59504,11.515,11.69,11.48
4/20/10,11.51,18957,11.48,11.51,11.41
4/19/10,11.39,53252,11.24,11.5,11.21
4/16/10,11.31,65650,11.26,11.35,11.26
4/15/10,11.25,13389,11.2,11.29,11.17
4/14/10,11.2,36628,11.01,11.25,10.93
4/13/10,10.93,27529,10.83,11.05,10.75
4/12/10,10.81,65256,11.01,11.22,10.75
4/9/10,10.95,47395,10.96,11,10.78
4/8/10,10.89,34045,11.12,11.21,10.78
4/7/10,11.19,45107,11.01,11.2,10.93
4/6/10,11.04,54552,11.07,11.11,10.85
4/5/10,11.06,93090,11.13,11.25,10.85
4/1/10,11.13,19308,11.23,11.26,11.05
3/31/10,11.12,31227,11.18,11.32,11.11
3/30/10,11.25,31513,11.41,11.41,11.07
3/29/10,11.41,14404,11.3,11.41,11.22
3/26/10,11.24,32646,11.21,11.45,11.01
3/25/10,11.22,19772,11.36,11.41,11.21
3/24/10,11.33,20157,11.5,11.5,11.31
3/23/10,11.49,14555,11.43,11.52,11.26
3/22/10,11.39,30081,11.13,11.47,11.1101
3/19/10,11.17,45081,11.5,11.5,11.12
3/18/10,11.47,15650,11.44,11.5999,11.41
3/17/10,11.49,18001,11.4,11.56,11.4
3/16/10,11.4,41778,11.24,11.4,11.19
3/15/10,11.24,34099,11.34,11.43,11.12
3/12/10,11.34,35841,11.5,11.69,11.28
3/11/10,11.5,42039,11.47,11.68,11.45
3/10/10,11.5,17589,11.61,11.6299,11.43
3/9/10,11.64,22641,11.67,11.7,11.56
3/8/10,11.69,26757,11.61,11.79,11.55
3/5/10,11.65,31669,11.52,11.76,11.51
3/4/10,11.5,13442,11.6,11.6,11.45
3/3/10,11.57,29753,11.64,11.65,11.42
3/2/10,11.59,25346,11.6,11.61,11.51
3/1/10,11.55,26681,11.47,11.55,11.42
2/26/10,11.4,24496,11.55,11.55,11.38
2/25/10,11.55,21263,11.37,11.56,11.37
2/24/10,11.47,18076,11.41,11.52,11.37
2/23/10,11.38,30795,11.46,11.54,11.37
2/22/10,11.44,46972,11.35,11.57,11.35
2/19/10,11.38,50629,11.62,11.62,11.304
2/18/10,11.68,36759,11.44,11.82,11.4
2/17/10,11.45,65198,11.4,11.48,11.18
2/16/10,11.36,23430,11.44,11.44,11.21
2/12/10,11.41,20044,11.37,11.43,11.3
2/11/10,11.49,35276,11.34,11.51,11.28
2/10/10,11.34,44337,11.46,11.46,11.08
2/9/10,11.49,37315,11.37,11.52,11.09
2/8/10,11.23,35038,11.35,11.39,11.18
2/5/10,11.39,49369,11.18,11.4,11.02
2/4/10,11.21,55894,11.44,11.46,11.21
2/3/10,11.48,33308,11.54,11.74,11.39
2/2/10,11.59,47492,11.55,11.74,11.55
2/1/10,11.55,53519,11.49,11.63,11.0301
1/29/10,11.53,46174,11.53,11.61,11.49
1/28/10,11.53,68960,11.51,11.6,11.4
1/27/10,11.46,56952,11.46,11.54,11.42
1/26/10,11.47,32272,11.64,11.64,11.35
1/25/10,11.64,68264,11.59,11.65,11.395
1/22/10,11.53,61741,11.66,11.71,11.49
1/21/10,11.56,86114,11.69,11.74,11.41
1/20/10,11.65,54680,11.79,11.85,11.569
1/19/10,11.91,87820,11.82,11.98,11.51
1/15/10,11.73,90959,11.97,12,11.68
1/14/10,11.91,160551,11.8,12,11.74
1/13/10,11.84,69895,11.81,11.954,11.77
1/12/10,11.81,90778,11.88,11.95,11.73
1/11/10,11.93,100502,12.09,12.09,11.86
1/8/10,11.98,102540,11.96,12.05,11.86
1/7/10,11.99,152644,12.15,12.18,11.743
1/6/10,12.11,159447,12.42,12.43,12.11
1/5/10,12.4,160276,12.64,12.64,12.2201
1/4/10,12.71,263320,12.74,12.92,12.51
12/31/09,13.86,277308,14.31,14.5,13.81
12/30/09,14.29,249028,14.12,14.3,13.86
12/29/09,14.1,385757,14.19,14.4,14
12/28/09,13.94,276230,13.7,14.36,13.7
12/24/09,13.51,68343,13.4,13.7,13.35
12/23/09,13.38,143210,13.34,13.45,13.08
12/22/09,13.09,52123,13.03,13.23,13
12/21/09,13.05,160328,13.64,13.64,12.99
12/18/09,13.25,189095,13.15,13.34,12.93
12/17/09,12.97,125925,13.1,13.15,12.79
12/16/09,13.13,36093,13.26,13.26,13.11
12/15/09,13.13,36754,13.18,13.29,13.13
12/14/09,13.27,143133,13.39,13.55,13.15
12/11/09,13.07,117485,12.69,13.589,12.51
12/10/09,12.22,81893,11.72,12.35,11.6
12/9/09,11.71,27018,11.82,11.92,11.41
12/8/09,11.85,64631,11.44,11.99,11.44
12/7/09,11.66,44556,11.2,11.66,11.2
12/4/09,11.19,35047,11.07,11.21,10.91
12/3/09,10.84,34823,11,11.08,10.78
12/2/09,10.87,35392,11,11.09,10.79
12/1/09,10.89,52834,10.86,10.99,10.68
11/30/09,10.75,87186,11.04,11.04,10.37
11/27/09,10.65,19456,10.68,10.9,10.65
11/25/09,11.02,23465,11.01,11.09,10.98
11/24/09,10.99,22696,10.97,11.03,10.95
11/23/09,10.94,23316,11,11.04,10.73
11/20/09,10.83,40795,10.84,11.2,10.8
11/19/09,10.83,30268,11.05,11.24,10.82
11/18/09,11.01,21236,11.17,11.17,10.88
11/17/09,11.14,43094,11.17,11.25,11.05
11/16/09,11.12,61624,11.06,11.41,11.04
11/13/09,11.04,48203,10.86,11.08,10.86
11/12/09,10.76,23960,11.16,11.17,10.75
11/11/09,11.14,28235,11.15,11.22,10.86
11/10/09,11.03,28285,11.05,11.4,10.98
11/9/09,11.03,28695,11.1,11.25,10.86
11/6/09,11.04,15543,11.13,11.16,10.88
11/5/09,11.28,26508,10.85,11.32,10.845
11/4/09,10.67,18903,11.27,11.27,10.67
11/3/09,11.25,20311,11.08,11.31,11.06
11/2/09,11.08,51120,10.98,11.11,10.53
10/30/09,10.95,35167,11.05,11.13,10.77
10/29/09,11.16,22391,11.07,11.25,10.9501
10/28/09,11,35903,11,11.2399,10.91
10/27/09,11,23115,10.95,11.16,10.95
10/26/09,10.93,21486,10.9,11.2,10.9
10/23/09,10.92,29750,11.22,11.31,10.81
10/22/09,11.23,23079,11.36,11.36,11.14
10/21/09,11.34,37252,11.61,11.75,11.31
10/20/09,11.54,20539,11.72,11.739,11.44
10/19/09,11.69,27130,11.51,11.75,11.36
10/16/09,11.42,35105,11.45,11.7,11.33
10/15/09,11.51,28787,11.82,11.82,11.43
10/14/09,11.87,24104,11.54,11.9,11.324
10/13/09,11.46,24572,11.49,11.69,11.31
10/12/09,11.56,31710,11.4,11.95,10.94
10/9/09,11.45,49156,11.53,11.6199,11.32
10/8/09,11.62,33509,11.96,11.96,11.57
10/7/09,11.84,13900,11.34,11.84,11.25
10/6/09,11.56,23797,11.47,12,11.23
10/5/09,11.37,22817,11.29,11.54,11.29
10/2/09,11.27,32166,11.27,11.74,11.23
10/1/09,11.2,33826,11.42,11.45,11.1
9/30/09,11.51,43758,11.82,11.87,11.3
9/29/09,11.85,14837,11.79,11.94,11.75
9/28/09,11.84,29477,11.86,11.95,10.59
9/25/09,11.84,40040,11.98,12,11.71
9/24/09,11.75,49375,11.78,11.9,11.73
9/23/09,11.78,30156,11.72,11.96,11.58
9/22/09,11.74,38817,11.6,11.8,11.4501
9/21/09,11.49,41348,11.1,11.57,11.03
9/18/09,11.24,55739,11.3,11.49,11.17
9/17/09,11.26,30380,11.8,11.8,11.23
9/16/09,11.31,71928,10.62,11.48,10.62
9/15/09,11.22,62321,10.68,11.24,10.68
9/14/09,10.73,226182,9.92,10.85,9.76
9/11/09,9.92,313719,10.27,10.48,9.775
9/10/09,10.25,162031,10.24,10.5,9.74
9/9/09,10.16,34804,9.98,10.19,9.9499
9/8/09,10.04,37213,9.92,10.09,9.67
9/4/09,9.9,24959,9.85,9.99,9.73
9/3/09,9.86,43761,9.69,9.88,9.64
9/2/09,9.63,62107,9.85,9.85,9.55
9/1/09,9.78,68976,10.11,10.25,9.55
8/31/09,10.14,87090,10.65,10.72,10.08
8/28/09,10.69,22384,11.05,11.05,10.58
8/27/09,10.99,16159,10.76,11,10.76
8/26/09,10.96,26387,10.705,11.11,10.705
8/25/09,10.91,18285,11.01,11.07,10.81
8/24/09,11.01,18936,11.16,11.18,10.87
8/21/09,11.17,66068,11.47,11.47,10.966
8/20/09,11.31,80930,10.87,11.5,10.69
8/19/09,10.87,23629,10.52,10.98,10.52
8/18/09,10.66,55652,10.68,10.85,10.52
8/17/09,10.67,23868,10.53,10.73,10.48
8/14/09,10.6,32771,10.88,10.91,10.53
8/13/09,11.01,18420,11.01,11.26,10.9
8/12/09,10.93,56383,11.11,11.38,10.76
8/11/09,11.07,93627,10.98,11.44,10.98
8/10/09,10.98,53820,10.76,11.19,10.76
8/7/09,10.81,46909,10.65,11,10.55
8/6/09,10.47,17900,10.72,10.75,10.46
8/5/09,10.62,25476,10.81,10.8499,10.59
8/4/09,10.84,33316,10.56,11,10.56
8/3/09,10.67,36646,10.67,10.74,10.46
7/31/09,10.67,36008,10.74,10.86,10.62
7/30/09,10.75,41534,10.83,10.88,10.6101
7/29/09,10.68,32722,10.73,10.86,10.61
7/28/09,10.75,20748,10.76,10.83,10.55
7/27/09,10.8,71767,11.29,11.31,10.68
7/24/09,11.28,35153,11.48,11.58,11.03
7/23/09,11.48,73652,11.34,11.64,11.32
7/22/09,11.4,43263,11.21,11.46,10.83
7/21/09,11.23,31558,11.43,11.43,10.95
7/20/09,11.4,47747,11.05,11.4,10.95
7/17/09,11.05,40729,10.74,11.05,10.65
7/16/09,10.64,82141,10.63,11,10.53
7/15/09,10.72,41873,10.63,10.74,10.3
7/14/09,10.52,35184,10.26,10.55,10.14
7/13/09,10.3,31524,10.1,10.34,10
7/10/09,10.07,27432,10.02,10.25,9.88
7/9/09,10.03,32774,10.29,10.34,10
7/8/09,10.19,37902,10.21,10.35,10.12
7/7/09,10.11,44818,10.52,10.65,10.11
7/6/09,10.55,18869,10.4,10.705,10.25
7/2/09,10.48,33183,10.65,10.65,10.33
7/1/09,10.8,69921,10.7,10.91,10.6
6/30/09,10.71,40353,10.38,10.83,10.21
6/29/09,10.32,72577,10.85,10.85,10.06
6/26/09,10.81,238903,10.4,10.9,10
6/25/09,10.41,51964,9.98,10.43,9.9
6/24/09,9.96,39712,9.94,10.31,9.86
6/23/09,9.82,63853,9.46,10.22,9.25
6/22/09,9.57,126387,9.91,10,9.3
6/19/09,9.93,146591,10.48,10.92,9.9
6/18/09,10.33,37363,10.02,10.43,9.85
6/17/09,10.09,33386,10.08,10.3,9.98
6/16/09,10.05,39437,10.22,10.27,9.82
6/15/09,10.14,58509,10.3,10.39,9.84
6/12/09,10.52,42024,10.58,10.67,10.28
6/11/09,10.57,39298,10.73,10.74,10.54
6/10/09,10.67,54120,10.7,10.79,10.55
6/9/09,10.64,84929,10.6,10.84,10.6
6/8/09,10.63,64656,10.65,10.91,10.56
6/5/09,10.77,66861,10.8,10.92,10.58
6/4/09,10.67,102361,10.72,10.96,10.47
6/3/09,10.72,69657,11.14,11.14,10.59
6/2/09,11.24,83253,11.08,11.38,10.96
6/1/09,11,101904,11.02,11.34,10.93
5/29/09,10.75,82556,11.1,11.22,10.66
5/28/09,11.02,39182,10.99,11.29,10.79
5/27/09,10.96,85739,11.17,11.45,10.6
5/26/09,11.21,81082,10.56,11.45,10.55
5/22/09,10.75,25177,11.07,11.19,10.74
5/21/09,10.97,49813,10.84,11.18,10.68
5/20/09,10.95,57505,11.24,11.3,10.84
5/19/09,11.08,45711,11.06,11.22,10.9
5/18/09,11,37342,10.89,11.12,10.78
5/15/09,10.79,37646,10.9,11.23,10.74
5/14/09,10.83,43312,10.78,11.0196,10.78
5/13/09,10.7,20252,10.94,11.204,10.63
5/12/09,11.11,60917,11.19,11.25,10.82
5/11/09,11.08,62742,10.91,11.24,10.2
5/8/09,11.12,40242,10.94,11.18,10.73
5/7/09,10.78,32753,11.15,11.25,10.64
5/6/09,11.08,92657,10.98,11.1,10.77
5/5/09,10.82,100308,10.5,10.9,10.45
5/4/09,10.51,62392,10.5,10.6,10.44
5/1/09,10.47,47509,10.65,10.65,10.31
4/30/09,10.53,51710,10.71,10.81,10.49
4/29/09,10.52,115721,10.84,11.23,10.25
4/28/09,10.7,66887,10.35,10.78,10.35
4/27/09,10.45,82741,10.4,10.67,10.3
4/24/09,10.52,54512,10.5,10.7399,10.329
4/23/09,10.43,23370,10.63,10.73,10.29
4/22/09,10.47,49555,10.24,10.75,10.24
4/21/09,10.4,114463,10.13,10.47,10.04
4/20/09,10.15,31661,10.01,10.39,9.75
4/17/09,10.28,30788,10.5,10.5,10.2
4/16/09,10.42,31657,10.33,10.58,10.11
4/15/09,10.25,22580,10.07,10.335,10.01
4/14/09,10.12,53083,10.06,10.378,10
4/13/09,10.25,38561,10.41,10.41,9.96
4/9/09,10.29,79221,10.47,10.58,10.25
4/8/09,10.22,69430,9.75,10.22,9.73
4/7/09,9.64,43066,9.62,9.85,9.55
4/6/09,9.75,25724,9.72,9.83,9.71
4/3/09,9.74,36473,9.85,9.93,9.7
4/2/09,9.85,99976,9.47,9.85,9.3
4/1/09,9.25,19243,9.02,9.3,8.7801
3/31/09,9.17,28564,8.97,9.41,8.75
3/30/09,8.82,19560,9.06,9.06,8.55
3/27/09,8.95,15189,9.17,9.49,8.95
3/26/09,9.39,44587,9.3,9.48,8.85
3/25/09,9.2,40707,9.07,9.25,8.66
3/24/09,9.01,24045,9.42,9.5,9.01
3/23/09,9.4,42435,9.27,9.4,9.08
3/20/09,9.03,49999,9.31,9.31,8.96
3/19/09,9.26,36243,9.4,9.4,8.78
3/18/09,9.25,53105,8.67,9.25,8.41
3/17/09,8.67,33618,8.18,8.67,8.01
3/16/09,8.2,27464,7.98,8.48,7.98
3/13/09,7.87,37504,8.02,8.72,7.82
3/12/09,7.95,37509,7.28,7.95,7.28
3/11/09,7.34,14782,7.45,7.45,7.17
3/10/09,7.42,25474,7.5,7.5,7.22
3/9/09,7.28,11990,7.65,7.678,7.2
3/6/09,7.77,36498,7.2,7.8,7.2
3/5/09,7.28,26883,7.35,7.51,7.28
3/4/09,7.49,25280,7.35,7.58,7.29
3/3/09,7.22,41297,7.47,7.54,7.22
3/2/09,7.56,53532,8.06,8.25,7.47
2/27/09,8.18,32363,8.26,8.39,8.03
2/26/09,8.36,14972,8.36,8.45,8.32
2/25/09,8.26,35160,8.57,8.66,8.24
2/24/09,8.62,28162,8.25,8.63,8.25
2/23/09,8.26,28180,8.63,8.63,8.25
2/20/09,8.68,23873,8.6,8.82,8.6
2/19/09,8.65,5968,8.72,8.9175,8.65
2/18/09,8.58,15665,8.92,8.92,8.58
2/17/09,8.8,22312,9.2,9.2,8.73
2/13/09,9.18,16862,9.17,9.28,8.98
2/12/09,9.2,15899,8.87,9.25,8.81
2/11/09,9.23,14213,8.8,9.24,8.78
2/10/09,8.77,26032,9.19,9.19,8.77
2/9/09,9.23,21314,9.4,9.4,9.2
2/6/09,9.4,15113,9.25,9.4,9.25
2/5/09,9.23,16621,9.02,9.36,9.02
2/4/09,9.05,28209,9.5,9.5,8.95
2/3/09,9.5,20486,9.43,9.5,9.41
2/2/09,9.41,39072,8.8,9.43,8.8
1/30/09,8.71,32515,9.15,9.35,8.63
1/29/09,8.97,11637,9.23,9.3,8.96
1/28/09,9.38,23752,9.25,9.44,9.16
1/27/09,9.12,29298,9.4,9.4,8.92
1/26/09,9.48,66054,8.94,9.5,8.58
1/23/09,8.76,17794,8.75,8.91,8.75
1/22/09,8.81,13931,9.11,9.11,8.7
1/21/09,9.32,57509,8.66,9.4,8.66
1/20/09,8.5,27600,9.03,9.1,8.5
1/16/09,9.15,20237,9.3,9.3,8.89
1/15/09,9.25,25718,9.29,9.29,8.97
1/14/09,9.2,47841,8.79,9.31,8.79
1/13/09,8.94,22252,8.8,9.18,8.41
1/12/09,8.72,20620,8.88,9.04,8.51
1/9/09,8.87,32770,9.32,9.32,8.77
1/8/09,9.16,17214,9.28,9.45,9.05
1/7/09,9.29,29316,9.57,9.63,9.2495
1/6/09,9.59,40371,9.35,9.6,9.24
1/5/09,9.25,35675,9.2,9.25,9.01
1/2/09,9.1,34468,9,9.19,8.76
12/31/08,9,37277,8.6,9.25,8.6
12/30/08,8.59,24894,8.72,8.72,8.17
12/29/08,8.56,22576,8.71,9,8.53
12/26/08,8.69,8045,8.7,8.84,8.66
12/24/08,8.71,10515,8.42,8.72,8.21
12/23/08,8.73,9921,8.8,9.3,8.71
12/22/08,8.85,36126,8.63,9.13,8.61
12/19/08,8.43,92305,9.31,9.33,8.43
12/18/08,9.08,30153,8.92,9.25,8.76
12/17/08,8.92,41713,8.31,9.21,7.91
12/16/08,8.56,42954,7.87,8.57,7.78
12/15/08,7.78,26493,7.76,8.123,7.68
12/12/08,7.75,24799,7.74,8.13,7.55
12/11/08,7.81,18445,8.02,8.3,7.81
12/10/08,8.26,22364,8.16,8.64,8.03
12/9/08,8.04,38622,9.2,9.25,8
12/8/08,9.25,41230,8.83,9.25,8.33
12/5/08,8.74,17819,7.94,8.74,7.51
12/4/08,8.17,8908,8.44,8.65,7.96
12/3/08,8.54,14692,7.67,8.6,7.66
12/2/08,8.08,20342,7.55,8.34,7.55
12/1/08,7.31,59316,8.17,8.57,7.1
11/28/08,8.69,15519,9.04,9.2,8.35
11/26/08,9.22,44530,8.57,9.23,8.36
11/25/08,8.8,58106,8.06,8.8,7.77
11/24/08,8,29222,7.61,8,7.61
11/21/08,7.51,49284,7.07,7.53,6.72
11/20/08,7.01,44502,7.12,7.46,6.61
11/19/08,7.21,16718,7.89,7.93,7.21
11/18/08,7.91,21529,7.94,8.21,7.43
11/17/08,7.7,11496,8.02,8.13,7.7
11/14/08,8.08,14156,8.12,8.5,7.63
11/13/08,8.29,31913,7.42,8.49,7.16
11/12/08,7.39,11580,7.77,7.89,7.39
11/11/08,7.91,12017,7.74,8.11,7.43
11/10/08,7.76,7730,8.23,8.65,7.66
11/7/08,8.06,15606,8.02,8.48,7.81
11/6/08,7.93,10997,7.63,8.06,7.57
11/5/08,7.68,21310,8.31,8.6575,7.65
11/4/08,8.43,29106,8.87,8.87,8.01
11/3/08,8.48,13469,8.81,9.008,8.21
10/31/08,9.16,30979,8.52,9.16,7.8
10/30/08,8.58,14045,7.9,8.65,7.56
10/29/08,7.67,33594,8.25,8.25,7.38
10/28/08,8.36,31480,7.11,8.38,6.85
10/27/08,6.95,33968,7.15,7.2,6.654
10/24/08,7.38,47524,6.73,7.97,6.6
10/23/08,7.81,20840,8.09,8.39,7.64
10/22/08,7.7,19092,8.18,8.64,7.55
10/21/08,8.4,30256,8.05,8.69,8.05
10/20/08,8.2,38084,8.19,8.3,7.69
10/17/08,8.01,54015,8.25,8.71,7.65
10/16/08,8.49,43083,7.26,8.49,7.26
10/15/08,7.18,25134,7.67,7.86,7.1
10/14/08,7.52,50976,8.3,8.3,7.52
10/13/08,8.23,39981,8.44,8.44,8.02
10/10/08,7.83,58642,7.14,7.96,6.82
10/9/08,7.1,65862,7.5,8.32,6.6
10/8/08,7.43,62132,7.55,8.65,7
10/7/08,7.51,57737,8.2,8.33,7.5
10/6/08,8.1,66209,8.52,8.59,7.34
10/3/08,8.72,57468,8.21,9.08,8.1701
10/2/08,8.08,60986,9.33,9.33,8
10/1/08,9.43,39586,8.93,9.5,8.83
9/30/08,8.87,24468,8.18,8.94,8.18
9/29/08,8.12,37594,8.49,8.73,7.9
9/26/08,8.61,38397,8.9,9.2,8.59
9/25/08,9.08,25410,9,9.31,9
9/24/08,8.96,43617,9.85,9.85,8.8
9/23/08,9.82,35542,9.38,10,9.08
9/22/08,9.21,36613,9.89,10.1,9.07
9/19/08,10.09,198628,10.06,10.0999,9.32
9/18/08,9.49,83242,9.41,9.5,8.87
9/17/08,8.75,55048,8.73,9.04,8.25
9/16/08,8.88,31894,8.58,8.88,8.28
9/15/08,8.73,60920,9.4,9.4,8.7
9/12/08,9.44,23650,9.3,9.45,9.06
9/11/08,9.28,17951,9,9.28,8.92
9/10/08,9.09,32932,9.15,9.28,8.98
9/9/08,8.94,32132,9.07,9.18,8.41
9/8/08,9.15,21417,8.88,9.17,8.51
9/5/08,8.5,13003,8.7,8.7,8.41
9/4/08,8.74,15301,8.43,8.96,8.41
9/3/08,8.77,28227,8.52,8.87,8.52
9/2/08,8.51,98286,9.29,9.3,8.27
8/29/08,9.12,20896,9,9.16,8.96
8/28/08,9,24172,8.92,9,8.71
8/27/08,8.92,26719,8.63,9,8.63
8/26/08,8.65,16726,8.46,8.65,8.3501
8/25/08,8.47,21726,9,9,8.47
8/22/08,8.93,28254,8.54,9,8.54
8/21/08,8.65,24352,9.07,9.07,8.56
8/20/08,9.07,24470,9.03,9.2,8.95
8/19/08,9.03,13612,9.05,9.25,8.81
8/18/08,9.09,23558,8.75,9.28,8.73
8/15/08,8.73,38629,9.3,9.3,8.43
8/14/08,9.19,22372,9.17,9.19,8.86
8/13/08,9.35,22937,9.35,9.45,8.75
8/12/08,9.15,32026,9.31,9.45,8.9501
8/11/08,9.33,86975,8.8,9.61,8.7999
8/8/08,8.86,33950,8.47,8.86,8.45
8/7/08,8.45,39320,8.52,8.54,8.23
8/6/08,8.39,18605,8.11,8.4,8.11
8/5/08,8.15,55674,8,8.38,7.61
8/4/08,8.06,44684,8.1,8.2,8.03
8/1/08,8.07,146597,7.79,8.1,7.78
7/31/08,7.79,36012,7.75,7.85,7.18
7/30/08,7.86,48837,7.85,7.89,7.73
7/29/08,7.75,32949,7.7,7.85,7.62
7/28/08,7.72,51979,7.75,7.81,7.31
7/25/08,7.8,37966,7.72,7.85,7.69
7/24/08,7.72,18489,7.56,7.83,7.56
7/23/08,7.52,16947,7.41,7.59,7.41
7/22/08,7.52,25644,7.08,7.55,6.968
7/21/08,7.1,21054,6.86,7.14,6.8
7/18/08,6.94,49106,7.41,7.87,6.9
7/17/08,7.74,18153,7.62,7.74,7.47
7/16/08,7.62,36958,7.26,7.66,7.18
7/15/08,7.34,20507,7.04,7.35,7
7/14/08,7.08,15352,7.5,7.5,7.02
7/11/08,7.43,30902,7.18,7.45,6.95
7/10/08,7.26,21932,7.09,7.49,7.04
7/9/08,7.09,14277,7.37,7.37,7.06
7/8/08,7.35,21923,6.89,7.4,6.89
7/7/08,6.86,28047,7.14,7.14,6.72
7/3/08,6.98,17344,7.07,7.27,6.73
7/2/08,7.05,21920,7.03,7.34,7.02
7/1/08,7.05,33180,7.18,7.34,7.01
6/30/08,7.27,80322,7.01,7.68,7.01
6/27/08,7.02,295823,7.08,7.11,6.89
6/26/08,7.03,70040,7.35,7.47,7
6/25/08,7.35,36380,7.26,7.39,7.01
6/24/08,7.3,47505,7.2,7.35,7
6/23/08,7.28,43994,7.02,7.31,6.965
6/20/08,7.01,67744,7.05,7.26,6.9
6/19/08,7.09,22047,7.06,7.09,6.92
6/18/08,7.06,23092,7.04,7.11,6.985
6/17/08,7.1,25817,7.17,7.17,7.01
6/16/08,7.16,21987,7.26,7.27,7.11
6/13/08,7.27,10711,7.31,7.35,7.17
6/12/08,7.23,15928,7.31,7.35,7.19
6/11/08,7.18,12275,7.33,7.33,7.18
6/10/08,7.36,14749,7.21,7.36,7.2
6/9/08,7.27,20887,7.4,7.41,7.24
6/6/08,7.31,24039,7.71,7.71,7.3
6/5/08,7.78,32743,7.46,7.93,7.3
6/4/08,7.46,15156,7.25,7.46,7.24
6/3/08,7.31,21184,7.42,7.46,7.19
6/2/08,7.36,26708,7.59,7.59,7.16
5/30/08,7.51,58945,7.28,7.72,7.15
5/29/08,7.33,35787,7.28,7.45,7.24
5/28/08,7.32,14637,7.38,7.38,7.23
5/27/08,7.35,20344,7.19,7.35,7.19
5/23/08,7.17,20064,7.34,7.345,7.13
5/22/08,7.39,32501,7.25,7.43,7.2