x,y
20,316.0759888
20.0000125,326.0746155
20.00001207,336.0732727
20.00001163,346.0718994
20.00001119,356.0705566
20.00001076,366.0691833
20.00001032,376.0678101
20.00000988,386.0664673
20.00000945,396.065094
20.00000901,406.0637512
20.00000857,416.0623779
20.00000813,426.0610352
20.0000077,436.0596619
20.00000726,446.0582886
20.00000682,456.0569458
20.00000639,466.055603
20.00000595,476.0541992
20.00000551,486.0528564
20.00000508,496.0515137
20.00000464,506.0501404
20.0000042,516.0487671
20.00000376,526.0474243
20.00000333,536.0460205
20.00000289,546.0446777
20.00000245,556.043335
20.00000202,566.0419922
20.00000158,576.0406494
20.00000114,586.0392456
20.0000007,596.0379028
20.00000027,606.036499
23.88119507,612.1539917
33.87982178,612.1539917
43.87844849,612.1539917
53.87710571,612.1539917
63.87573242,612.1539917
73.87438965,612.1539917
83.87301636,612.1539917
93.87164307,612.1539917
103.8703003,612.1539917
113.868927,612.1539917
123.8675842,612.1539917
133.8662109,612.1539917
143.8648682,612.1539917
153.8634949,612.1539917
163.8621216,612.1539917
173.8607788,612.1539917
183.8594055,612.1539917
193.8580627,612.1539917
203.8566895,612.1539917
213.8553162,612.1539917
223.8539734,612.1539917
233.8526001,612.1539917
243.8512573,612.1539917
253.8499146,612.1539917
263.8485107,612.1539917
273.847168,612.1539917
283.8458252,612.1539917
293.8444214,612.1539917
303.8430786,612.1539917
313.8417358,612.1539917
323.8403931,612.1539917
333.8389893,612.1539917
343.8376465,612.1539917
353.8363037,612.1539917
363.8348999,612.1539917
373.8335571,612.1539917
383.8322144,612.1539917
393.8308105,612.1539917
403.8294678,612.1539917
413.828125,612.1539917
423.8267822,612.1539917
433.8253784,612.1539917
443.8240356,612.1539917
453.8226929,612.1539917
463.8212891,612.1539917
473.8199463,612.1539917
483.8186035,612.1539917
493.8172607,612.1539917
503.8158569,612.1539917
513.8145142,612.1539917
523.8131714,612.1539917
533.8117676,612.1539917
543.8104248,612.1539917
553.809082,612.1539917
563.8077393,612.1539917
573.8063354,612.1539917
583.8049927,612.1539917
593.8036499,612.1539917
603.8022461,612.1539917
613.8009033,612.1539917
623.7995605,612.1539917
633.7982178,612.1539917
643.796814,612.1539917
653.7954712,612.1539917
663.7941284,612.1539917
673.7927246,612.1539917
683.7913818,612.1539917
693.7900391,612.1539917
703.7886353,612.1539917
713.7872925,612.1539917
723.7859497,612.1539917
733.7846069,612.1539917
743.7832031,612.1539917
753.7818604,612.1539917
763.7805176,612.1539917
773.7791748,612.1539917
783.777832,612.1539917
793.7763672,612.1539917
803.7750244,612.1539917
813.7736816,612.1539917
820,608.3816528
820,598.3829956
820,588.3843384
820,578.3856812
820,568.387146
820,558.3884888
820,548.3898315
820,538.3911743
820,528.3925171
820,518.3938599
820,508.3952026
820,498.3966675
820,488.3980103
820,478.399353
820,468.4006958
820,458.4020386
820,448.4033813
820,438.4047241
820,428.406189
820,418.4075317
820,408.4088745
820,398.4102173
820,388.4115601
820,378.4129028
820,368.4143677
820,358.4157104
820,348.4170532
820,338.418396
820,328.4197388
820,318.4210815
820,308.4223633
820,298.4238281
820,288.4251709
820,278.4265137
820,268.4278564
820,258.4291992
820,248.430542
820,238.4318848
820,228.4333496
820,218.4346924
820,208.4360352
820,198.4373779
820,188.4387207
820,178.4400635
820,168.4414063
820,158.4428711
820,148.4442139
820,138.4455566
820,128.4468994
820,118.4482422
820,108.449585
820,98.45092773
820,88.45239258
820,78.45373535
820,68.45507813
820,58.4564209
820,48.45776367
820,38.45910645
820,28.46044922
818.4619141,19.99993983
808.4632568,19.99994134
798.4645996,19.99994285
788.4659424,19.99994436
778.4672852,19.99994587
768.4686279,19.99994738
758.4699707,19.99994889
748.4714355,19.9999504
738.4727783,19.99995191
728.4741211,19.99995342
718.4754639,19.99995493
708.4768066,19.99995644
698.4781494,19.99995795
688.4794922,19.99995946
678.480957,19.99996097
668.4822998,19.99996248
658.4836426,19.99996399
648.4849854,19.9999655
638.4863281,19.99996701
628.4876709,19.99996852
618.4891357,19.99997003
608.4904785,19.99997154
598.4918213,19.99997305
588.4931641,19.99997456
578.4945068,19.99997607
568.4958496,19.99997758
558.4971924,19.99997909
548.4986572,19.9999806
538.5,19.99998211
528.5013428,19.99998362
518.5026855,19.99998513
508.5040283,19.99998664
498.5053711,19.99998815
488.5067139,19.99998966
478.5081787,19.99999117
468.5095215,19.99999268
458.5107422,19.99999419
448.512207,19.99999569
438.5136719,19.9999972
428.5148926,19.99999871
418.5163574,19.99993983
408.5175781,19.99994134
398.519043,19.99994285
388.5202637,19.99994435
378.5217285,19.99994586
368.5231934,19.99994737
358.5244141,19.99994888
348.5258789,19.99995039
338.5270996,19.9999519
328.5285645,19.99995341
318.5297852,19.99995492
308.53125,19.99995643
298.5327148,19.99995794
288.5339355,19.99995945
278.5354004,19.99996096
268.5366211,19.99996247
258.5380859,19.99996398
248.5393066,19.99996549
238.5407715,19.999967
228.5422363,19.99996851
218.543457,19.99997002
208.5449219,19.99997153
198.5461426,19.99997304
188.5476074,19.99997455
178.5488281,19.99997606
168.550293,19.99997757
158.5517578,19.99997908
148.5529785,19.99998059
138.5544434,19.9999821
128.5556641,19.99998361
118.5571289,19.99998512
108.5583496,19.99998663
98.55981445,19.99998814
88.5612793,19.99998965
78.5625,19.99999116
68.56396484,19.99999267
58.56518555,19.99999418
48.56665039,19.99999569
38.56787109,19.9999972
28.56933594,19.99999871
20.00001288,21.42926025
20.00001244,31.42803955
20.00001201,41.42657471
20.00001157,51.425354
20.00001113,61.42388916
20.00001069,71.42266846
20.00001026,81.42120361
20.00000982,91.41973877
20.00000938,101.4185181
20.00000895,111.4170532
20.00000851,121.4158325
20.00000807,131.4143677
20.00000763,141.413147
20.0000072,151.4116821
20.00000676,161.4102173
20.00000632,171.4089966
20.00000589,181.4075317
20.00000545,191.406311
20.00000501,201.4048462
20.00000458,211.4033813
20.00000414,221.4021606
20.0000037,231.4006958
20.00000326,241.3994751
20.00000283,251.3980103
20.00000239,261.3967896
20.00000195,271.3953247
20.00000152,281.3938599
20.00000108,291.3926392
20.00000064,301.3911743
20.0000002,311.3899536
426.3233643,88.54286194
427.1537781,98.23155212
427.2077332,108.2299423
427.2617188,118.2283325
427.3151245,128.2268753
427.3684387,138.2252655
427.4217529,148.2239075
422.5056458,156.2931671
412.7356262,156.5435333
406.8226318,149.7423553
406.3302612,139.760437
406.2548218,129.7618408
406.2125244,119.7635803
406.1609497,109.7650528
406.1092529,99.76665497
406.0575562,89.76800537
412.2989807,83.24422073
422.1889038,82.90475845
560.2470703,123.7867584
560.0615234,133.1035461
555.1516724,141.6710052
549.8356934,149.2328949
545.6742554,158.0374451
540.2905884,166.2582245
535.8601074,175.0831909
529.8528137,182.7540894
523.4711609,187.7047424
516.013092,184.083725
511.9287109,175.4546509
515.239563,166.2351074
520.2233887,157.8734436
524.8093262,149.7736359
529.9754944,141.3059082
534.772522,132.7702255
540.0910645,124.4909668
547.1950684,117.9602432
289.2940063,119.2133102
295.6262207,126.7428818
300.3917542,135.494606
305.7335815,143.8223267
310.1455383,152.7119904
315.5206299,160.7598724
320.3413391,169.3775177
321.4934692,178.7841339
314.572113,184.9376678
306.2708435,184.6778564
300.7456055,178.5913696
295.7774048,170.2770691
290.9298706,161.6343689
286.0975952,153.256073
281.2323914,144.8622208
276.1032104,136.5556564
272.4824219,127.7997589
277.4260559,119.3197632
430.9890747,190.6085815
440.838562,191.8624268
450.550415,193.6349182
460.3697815,195.2825012
469.8086243,198.2941742
478.6331177,201.2706451
487.6326904,205.2580566
496.2713013,209.8553314
504.607666,214.4215088
512.921051,219.6031799
520.3678284,225.682312
527.9724731,231.5287628
535.5725098,236.3443604
539.3948364,238.64151
541.0731812,245.633255
548.0980225,252.1266327
553.550293,259.5327454
559.5286255,267.4082489
567.6340332,272.2580414
576.97229,275.2946014
586.1670532,279.0503235
594.453186,283.6607361
602.9860229,287.9983826
611.0031738,293.7155762
619.0949097,299.3005371
625.9881592,306.3071899
632.8261719,313.1237793
639.6073608,320.4705505
644.7827148,328.8771973
648.878479,337.2313538
653.4054565,345.4901733
657.324585,354.6068726
660.2277222,364.1245728
662.6397705,373.8198242
664.2493896,383.6502991
664.6516113,393.6401672
664.7160034,403.6381836
664.4481812,413.6324768
662.8413696,423.4360046
660.4836426,433.1413574
658.161377,442.5890503
654.7221069,451.8810425
650.5081787,460.0956116
645.2285156,467.8942871
639.7867432,475.8796997
633.706604,483.6592102
627.1566162,491.1689148
619.7469482,497.7921448
612.1328735,503.9054565
604.3740845,509.8814087
595.5146484,514.2901917
586.6450195,518.6015015
577.416687,522.2664795
567.9483032,525.4556274
558.1384888,527.295166
548.281189,528.8247375
538.2857666,529.0592346
528.2872009,529.1378174
518.2887573,529.1566772
508.2902832,529.1424255
498.2915344,529.1064758
488.2932434,529.0543518
478.2946777,528.9887695
468.2964478,528.9158936
458.2979736,528.8368835
448.2997437,528.7483826
438.3016663,528.657074
428.3033752,528.5603333
418.3052673,528.460144
408.3070068,528.3567505
398.3090515,528.2502441
388.3108521,528.1412354
378.3127747,528.0335388
368.3148499,527.9308472
358.3166199,527.8361816
348.318512,527.7487793
338.3200684,527.6687317
328.3216553,527.5973206
318.3231812,527.535614
308.3247681,527.4897461
298.3265991,527.4653015
288.328186,527.4206543
278.3294373,527.3187256
268.3336182,527.1036072
258.3500824,526.574585
248.7824554,524.0307007
239.3313446,521.1742554
230.2189941,517.2188416
221.524704,512.828064
213.4850159,507.00354
205.9172974,500.8297424
199.0372772,494.1688538
192.7821655,486.9485779
187.1361237,478.8038635
182.2190399,470.460083
178.3196564,461.4884338
175.0630493,452.2183228
172.2765961,442.716095
170.2411957,432.944397
169.6485901,422.9664612
169.6415863,412.9690247
170.3174744,402.9981384
172.4691162,393.2871094
175.4383087,383.9383545
178.942276,374.8179626
182.901062,365.8244019
188.1776123,357.8267822
193.6591949,349.6108398
200.5825958,342.4104919
207.6670837,335.3553467
215.4197235,329.1483154
223.5679626,323.7388
232.3764801,319.3439331
241.5187683,315.5581055
251.0826263,312.8049011
256.700943,305.1753235
260.0699768,295.8836365
264.5487671,287.0187988
268.6505585,278.3186646
273.6272888,269.75177
278.9750061,261.6505585
281.8178101,255.457962
288.3244324,249.9487457
294.7585144,242.3031464
302.0216675,235.4364929
309.6889038,229.5458374
316.6505432,223.0409088
324.7356873,217.3791199
333.0130615,211.9703369
341.5153503,207.6095734
350.7195435,203.8409271
359.9483032,200.7154694
369.0076599,197.0500488
378.5978088,194.487381
388.3047485,192.2194519
398.2878723,191.6952515
408.0444946,189.9065857
418.0316772,189.5101471
428.0169678,189.9342194
390.9020996,215.1166992
381.1019897,216.6983643
371.8582458,219.98526
362.5076294,223.1220551
353.5360107,226.7096863
345.0508423,231.8878021
336.8910828,237.2882233
328.3773193,242.4130554
320.9126587,248.5717316
313.9227295,254.8629456
306.8036499,261.4425507
301.1560059,269.5453796
295.5116882,277.4830933
290.0101318,285.5782166
285.6141968,294.40448
280.9825439,302.9542847
277.5012207,312.1104126
274.5466919,321.5728149
272.0487518,330.8738708
262.381546,332.7939453
252.8160248,334.9130249
243.8130646,338.0106506
235.3265076,342.735199
227.0843506,348.0463257
220.2762756,354.9463196
212.8959961,361.4585876
206.849472,369.0388794
201.0917053,376.9548035
197.5429077,386.2124634
194.3332825,395.4977417
191.677887,405.0414429
191.0063629,414.9937744
190.900589,424.9920654
193.0484772,434.2449646
194.3780518,443.9493713
198.026886,453.1880493
202.9893646,461.1763611
206.82547,469.7637024
214.0306854,476.3841248
219.6841888,482.9937744
227.5561981,488.9890747
235.157074,495.0276794
244.1659088,499.0531311
253.3305969,502.5302734
262.6872253,505.8346252
272.6857147,505.8652039
282.6846924,505.8957825
292.6831665,505.9263611
302.6816711,505.9569092
312.6801453,505.9874878
322.6790466,506.0176697
332.6775513,506.0384216
342.6762085,506.0459595
352.6748962,506.0493774
362.6734314,506.0426331
372.6720886,506.0336304
382.6705933,506.0181885
392.6694946,506.0002747
402.6679993,505.9771118
412.6664734,505.9515991
422.6654358,505.920929
432.6637573,505.8879089
442.6622314,505.8492432
452.6604614,505.8083801
462.6592407,505.7610168
472.6580811,505.7090149
482.6564941,505.655365
492.6548767,505.6017456
502.6532593,505.5480957
512.6521606,505.4944458
522.6505432,505.4407959
532.6489258,505.387146
542.6473389,505.3335266
552.6456909,505.2798767
561.6396484,502.019043
570.7362671,499.0680542
579.9656982,495.7283325
588.980835,491.9203796
596.602356,486.1959229
603.9788818,479.986084
610.8468018,473.3547974
617.7541504,466.1272278
623.7002563,458.7572327
628.1812744,449.8287659
633.1952515,441.2915039
636.5141602,432.0459595
638.9335938,422.3544922
640.298584,412.4544373
641.5455933,402.5353394
640.9664917,392.5656433
639.9418945,382.6201782
638.3347168,372.774292
635.4403076,363.2308044
632.1137695,353.973999
627.0297241,345.7070618
621.0981445,338.0763855
616.4575195,329.4017944
610.1576538,323.2296753
604.0863647,316.6136475
595.4855957,311.8357239
587.7758179,306.2286682
578.9620361,301.8379822
569.8501587,298.0863953
560.4832153,295.973877
551.3540649,293.3398743
544.0169678,287.3858032
540.4320679,280.3936768
534.440979,273.1082458
528.3660583,265.8496399
521.7679138,258.4768524
514.8860168,251.4237671
507.6522217,245.4792633
500.3857727,239.1614838
492.5821838,233.4886932
486.0429382,231.5516968
478.3374329,226.0995026
468.9334106,222.8775177
459.5367126,219.533432
450.215271,216.5898132
440.7677002,213.9306641
430.7912598,213.6117401
420.7930908,213.4775391
410.795105,213.3670959
400.7968445,213.3707886
197.2206879,219.5583344
205.859024,224.2898407
214.4862366,229.263031
223.1226654,234.1115417
231.3742371,239.2989807
240.2226105,243.0885468
245.1266632,251.5374908
241.9180908,260.7671814
232.8877716,263.8021545
223.8559418,259.7069702
215.2771912,254.8729401
206.7537537,249.9261627
198.3092346,245.2124939
189.4249878,241.8174133
185.1964569,237.7384644
177.3079376,231.6941986
176.0617523,222.1637268
182.6150513,215.3456421
651.2852783,215.7622833
657.4754028,223.1065063
655.2218018,232.1093597
647.7099609,238.4121552
638.9569702,242.8068542
630.7929688,247.9131317
622.1049194,252.4323273
613.762146,257.6358337
605.0463257,262.2036438
595.5731812,263.4371643
588.4146729,256.6780701
590.6898804,247.052063
598.4685669,241.5370178
607.0163574,236.6590424
615.0560913,231.0679016
624.0214844,226.8184052
632.5211182,221.5982056
640.8944702,216.3751678
412.6459961,82.81999969
406.0545349,89.18494415
406.1062622,99.18933105
406.1579895,109.1937103
406.2097168,119.1980972
406.252594,129.2025223
406.3218994,139.206749
406.7586365,149.1983795
412.2086182,156.4182587
422.0117798,156.5011902
427.4245911,148.7538605
427.3712463,138.7494965
427.3179016,128.7451172
427.2644653,118.7407455
427.2104797,108.7363739
427.1564941,98.73200226
426.6620789,88.90341949
419.6957092,82.71995544
423.6354675,86.98419952
425.9004517,96.51003265
425.9760132,106.514267
426.0515747,116.5184937
426.1271057,126.5227203
426.2026672,136.5269547
426.2782288,146.531189
421.3134766,154.8756714
411.4441223,154.4660339
407.8178711,145.763443
407.4777222,135.7649078
407.2684631,125.7626114
407.1362305,115.7589722
407.0785522,105.7546616
407.1272583,95.75037384
409.6330261,86.37779999
418.5970154,83.71118927
541.9768677,121.332016
537.015564,129.8769531
531.6022949,138.1697388
526.692627,146.6757126
521.5549927,154.492157
517.2066345,163.3762665
512.3859253,171.8320618
513.4850159,181.460144
522.290863,184.6866913
527.3362732,184.7434845
533.6455688,177.9510498
538.5974731,169.4650269
543.3644409,160.7653198
548.9105835,152.6659088
553.0148315,144.4634628
558.3920288,136.2564545
561.5164795,127.1441956
556.0424194,119.0489883
278.7177734,118.3879013
272.939209,126.2622833
275.3133087,135.1862793
280.6290588,143.4161453
285.1252136,152.0278473
290.5213318,160.1277008
294.9486694,168.9580841
300.1040649,177.1804199
304.7277527,184.7894592
313.2832336,185.7667999
320.9432373,180.2165833
321.3228455,170.5435944
316.1179199,162.1596375
311.2646484,153.7231445
306.2214661,145.2428665
301.4142761,136.5887299
296.4932251,127.9673462
290.5882263,120.0491562
281.0411682,117.8935318
294.1321411,128.1094894
299.5398254,136.5202103
304.5072937,145.2041092
309.4166565,153.9211884
314.625946,162.4214935
319.490509,171.1610107
319.5229187,180.7756805
310.6169434,183.9341888
302.8892212,179.0126495
297.7428894,170.5062408
292.726593,161.8573761
287.8862305,153.1253052
282.4311829,144.9068832
277.6231689,136.1347046
274.7960205,126.7661209
280.7366333,119.3705826
555.7603149,120.833313
559.2501221,129.740509
554.8228149,138.5349731
549.6855469,147.0757904
545.0250244,155.9209137
539.7426758,164.281601
534.940979,173.0267639
529.6429138,181.3021851
520.3754272,184.0934143
513.6858826,177.4620972
516.1418762,167.9755249
521.2355347,159.3664093
526.1138611,150.6332092
531.2217407,142.0308914
536.4755249,133.5185547
541.18573,124.8409882
548.9439697,119.4028397
405.6585693,190.1669922
395.8909607,191.8128662
385.9240112,192.5608826
376.2057495,194.7967529
366.7429199,197.889389
357.5884705,201.2348022
348.4035645,204.5532532
339.1251526,207.9846802
331.0398865,213.4046631
322.4557495,218.2600708
314.6377563,224.3930206
307.4970093,230.4986877
300.2237244,237.1221466
293.0928345,244.1269073
287.1600037,252.1011505
280.3023682,255.6602478
278.1490784,263.9595947
272.1996307,271.7846375
268.0296021,280.7364502
263.1946869,289.1208496
259.1468658,298.2175903
255.9674683,307.5836792
248.6162415,313.3206787
239.1546783,316.456604
229.9466858,320.0509644
221.3672333,325.0089417
213.5435791,330.8232117
205.8423767,337.1418457
198.7738953,344.2218933
192.0604553,351.6177063
186.4776001,359.7480774
182.1243439,368.276001
177.8498535,377.1425476
174.5773773,386.3683777
172.1787872,395.8654175
170.0216217,405.5817261
169.596283,415.5748596
169.7328491,425.5773926
170.6134644,435.5356445
172.6808319,445.309021
175.6343231,454.7831726
179.2056885,463.9606934
183.1570587,472.9153442
188.7421875,480.8260498
194.6694641,488.5280151
201.1785126,495.6268005
207.8762512,502.4233398
215.5361938,508.7164307
224.0020142,513.8324585
232.6981049,518.2314148
241.7089844,522.4118958
251.3624878,524.7880859
261.043457,526.7790222
271.0393829,527.1792603
281.0422668,527.3540955
291.0464172,527.4373474
301.0508423,527.4714661
311.0553284,527.5006714
321.0596924,527.5523376
331.0640259,527.6168823
341.0682068,527.6907349
351.0724182,527.7722473
361.0765991,527.8609009
371.0806274,527.9575806
381.0845947,528.0629272
391.0885315,528.1715088
401.0924377,528.2805786
411.0963745,528.3855896
421.1003418,528.4890747
431.1044617,528.5874329
441.1085205,528.6842346
451.1125793,528.7733459
461.1166992,528.8591614
471.1209106,528.9382019
481.1251831,529.007782
491.1295166,529.0703125
501.1339417,529.1182861
511.1383667,529.149231
521.1428833,529.1552429
531.1473083,529.1230164
541.1511841,529.0169983
551.1472778,528.6481934
560.9897461,526.9090271
570.6521606,524.4560852
580.0639648,521.1311646
589.2904663,517.4362183
598.2800293,513.4217529
606.7259521,508.1897583
613.9249878,501.6496887
622.1268921,496.1499329
629.1414185,489.0213318
635.7736816,481.5826721
641.7574463,473.8390503
646.6948853,465.5585938
651.7115479,457.4538269
655.5119019,449.0705872
658.3257446,439.6360779
661.2857056,430.2889404
663.7796021,420.6221313
664.5737915,410.6570129
664.7271118,400.6543579
664.5734863,390.6512146
664.0162964,380.6640015
661.8868408,370.9146118
658.9907227,361.3903503
656.0692749,351.8937988
651.8508911,343.0251465
648.392334,334.2473145
642.9158936,326.4970093
637.5579224,318.230011
631.0289917,310.7721252
624.1850586,304.018158
616.6158447,297.5870056
608.9307251,291.4846497
600.2219238,286.9003601
592.4302979,281.5294495
583.2666626,278.0385132
573.9197998,274.8658905
564.5736694,271.9128571
557.617981,264.9726715
551.8192749,257.0873718
546.0107422,250.345993
539.6138916,243.2579346
536.9683838,240.2138062
532.9984131,236.1788635
525.1956787,230.1667633
518.0687256,223.6624298
510.4360352,217.6930695
502.0202026,212.7868347
493.7540283,207.9914551
484.6404724,204.2803345
475.469696,201.1727142
466.6983337,197.7509766
457.2145081,194.9148712
447.6234741,192.4275665
437.651886,191.7268372
427.8896179,189.9128265
417.8969421,189.5349731
437.1913757,192.6919708
447.0252075,194.3432617
456.8343506,196.2803955
466.4784851,198.9021454
475.8477783,202.253006
485.1791687,205.8228455
493.9547424,210.4184418
502.7165222,215.0858459
511.2139587,220.361496
519.2296143,226.3379974
526.8185425,232.8559723
534.1411133,239.6716309
540.9133301,246.8745575
547.3286133,254.4866333
553.7098389,262.1849518
559.2766724,270.3214111
568.0656738,274.8011322
577.5709839,277.841156
586.8292847,281.4645081
595.6772461,285.8992004
604.3183594,290.9087524
612.4909058,296.5114136
620.1728516,302.8923645
627.3093872,309.9031677
634.1803589,317.1725769
640.2462158,325.0804138
645.7130737,333.4489746
650.4229736,342.1837769
654.3532715,351.289856
657.4957275,360.7579041
660.25177,370.3578186
662.2796021,380.1260071
663.2981567,390.0678711
663.4957275,400.0694275
663.1844482,410.0674744
661.6999512,419.9407654
659.9588013,429.7870483
657.1366577,439.3320313
653.9555054,448.7764587
649.5085449,457.7088623
644.5070801,466.3693848
639.0478516,474.7531738
632.7232056,482.477478
625.8103638,489.7096863
618.6380005,496.6767883
610.793396,502.8763428
602.6734619,508.7162476
593.965271,513.6106567
584.8312988,517.5059814
575.5175781,520.9701538
565.9798584,523.8415833
556.3900146,526.5881653
546.3856201,526.5924988
536.3809814,526.5968323
526.3765869,526.6011658
516.3719482,526.6054993
506.3675537,526.6098328
496.362915,526.6141663
486.3585205,526.6184998
476.3538818,526.6228333
466.3494873,526.6271667
456.3447876,526.6295471
446.3403931,526.6315002
436.3358765,526.6324463
426.3314819,526.6293335
416.3268433,526.6261902
406.3224487,526.6183472
396.3178101,526.6091309
386.3132935,526.5958862
376.3086853,526.5793762
366.3044128,526.5582581
356.2998047,526.5328369
346.2954102,526.5021667
336.290863,526.4639282
326.286499,526.4161682
316.282135,526.3581848
306.2780457,526.2864075
296.2737732,526.196228
286.2699585,526.0779724
276.2668152,525.914856
266.2656403,525.6587524
256.4034119,524.4894104
246.6577148,522.2651062
237.2730713,518.83255
228.3132477,514.384491
219.64151,509.4565735
211.5503998,503.6200562
204.2671967,496.769165
197.3455048,489.5469055
191.1947632,481.7325745
185.6891022,473.3797913
181.3459473,464.4226379
177.1696777,455.3751221
174.2844696,445.8005981
172.5409851,435.9571838
171.7408752,425.9867249
171.6479187,415.9851379
172.4057617,406.0123291
173.405777,396.0580444
176.0840454,386.48703
179.5925293,377.153595
184.0198212,368.1867371
188.8519287,359.4411926
194.8965607,351.5650635
201.3655243,343.9646606
208.6230011,337.0831299
216.3037415,330.6738892
224.7355804,325.2937622
233.4385834,320.4002686
242.7544403,316.8345032
252.2592468,313.8615723
258.3806152,306.868103
261.5157776,297.3735962
265.6055908,288.2467346
270.2153625,279.4042969
275.1422424,270.7234039
280.598877,262.3765106
286.5973511,254.3833008
293.0269775,246.8209686
300.1061707,239.7527771
307.4442749,232.9533081
315.0879211,226.5015259
323.0737915,220.4780579
331.5872803,215.2542572
340.2846069,210.3169708
349.3285522,206.0414124
358.5097351,202.1060638
367.9293518,198.8327789
377.5606995,196.1914978
387.3650208,194.2257538
397.240387,192.7130127
407.2259216,192.1127472
417.2279663,191.9135895
427.2307129,192.0677338
399.5841064,212.4165344
389.6471252,213.4795074
379.9882507,215.8704224
370.3948975,218.6995239
361.1474609,222.2623596
351.8619385,225.9386597
343.0749512,230.6390381
334.7958984,236.2527618
326.5428467,241.9053345
318.8866882,248.3414307
311.3475952,254.8873596
304.7992249,262.4477844
298.7610474,270.3558807
292.8609619,278.4150085
287.5422363,286.8561096
282.8067627,295.6661987
278.6515503,304.7661133
275.59021,314.282135
273.0166321,323.8465271
266.4830017,330.1264038
256.7950897,332.6203918
247.1920166,335.4186096
238.1910248,339.3524475
229.5720673,344.3099976
221.5954285,350.2843933
214.4883728,357.0583801
207.8366394,364.3997803
202.3706055,372.6667175
197.7980042,381.5605164
194.0607758,390.8298645
191.0953522,400.3650513
189.6981964,410.2505493
189.5049744,420.2506714
190.0241699,430.2393799
191.7788696,440.0674133
195.1184998,449.4315796
198.9910431,458.6201477
203.7969513,467.3782043
209.7317505,475.4308167
216.3199158,482.771637
224.1830444,488.927887
232.2681427,494.7950439
241.0570221,499.4972229
250.2987823,503.28125
259.9724121,505.8161621
269.8622742,507.2999573
279.795105,508.3157654
289.7984924,508.4558716
299.8031006,508.4898376
309.8074646,508.4887085
319.8121643,508.4706116
329.8166809,508.4405518
339.8210144,508.4065857
349.8251953,508.3704529
359.8299866,508.3288879
369.8342896,508.2872925
379.8384705,508.2447815
389.8427734,508.1993713
399.8475342,508.1539307
409.8520508,508.1051941
419.8563232,508.0543518
429.8605042,508.0016785
439.8652039,507.9431152
449.8692627,507.8833008
459.8734131,507.8139648
469.8778076,507.7421875
479.8822632,507.6590271
489.8863831,507.5646057
499.889801,507.4544373
509.8935547,507.3222656
519.8968201,507.1578369
529.8991699,506.9448547
539.8990479,506.6419678
549.8901367,506.1400452
559.7503052,504.6532288
569.3969116,502.0498352
578.5330811,497.9825439
587.5369873,493.7746887
596.0704346,488.6582031
603.9953003,482.5559082
611.1724854,475.7770081
617.9503784,468.4192505
624.1522217,460.58078
629.230896,452.0317078
633.8210449,443.2285461
637.3321533,433.8898621
640.2192993,424.3713379
642.1419067,414.5601196
642.9747314,404.6006165
642.7843628,394.599884
641.9440918,384.6322327
640.3901978,374.7523804
637.5511475,365.1720886
634.1836548,355.7926331
629.6715088,346.9151611
624.5033569,338.3699646
618.6539307,330.3043518
611.916626,323.1998901
604.7545776,316.2205505
596.6880493,310.3797607
588.4938354,304.6615295
579.543396,300.2408447
570.2572021,296.617157
560.7923584,293.4461365
551.0179443,291.6205444
544.3071289,284.4791565
539.0333252,276.0297546
532.9292603,268.1074829
526.2523193,260.6591034
519.2759705,253.488327
512.4439087,246.1820831
504.4727478,240.4488678
496.3095093,234.66745
487.7410278,229.5130463
478.7910767,225.1221008
469.5498657,221.4039307
460.2594299,217.934433
450.592041,215.4731293
440.921875,213.0553589
430.970459,212.1017761
420.9941101,211.4190369
410.9911194,211.4383698
438.8828735,213.6837616
448.3172913,216.4941864
457.6945496,219.0916901
467.1742859,222.1898651
476.5016785,225.7129364
485.4270935,229.8938599
490.9505615,232.6583405
498.5978394,238.6420441
506.1633911,244.4273987
513.347168,250.4039764
520.6081848,257.0435638
527.2098083,264.4185181
533.9182739,271.3524323
539.4932251,278.8273926
543.5980225,285.6103516
549.5740356,292.9770508
559.2330322,294.6717224
568.5544434,296.8718567
577.4864502,300.811615
586.1226807,305.5765991
594.8535767,310.1825256
602.531311,315.7744751
608.8521729,322.0846252
614.8182373,328.8194885
620.5266724,336.4270325
626.515625,344.0279236
630.9936523,352.6347961
634.71698,361.6392517
637.7730713,371.1255493
639.7851563,380.8907471
640.7769775,390.8456116
641.5956421,400.8116455
640.4962769,410.7471008
639.2514038,420.6714783
636.8225708,430.3675842
633.5856323,439.6445313
629.2060547,448.4942932
624.3557129,457.2004089
618.8398438,464.841095
612.0098267,472.1456604
605.5789795,479.5075378
597.9877319,485.3887024
589.5046997,490.4013062
581.5463867,495.2466431
572.3708496,498.8644409
563.2817993,502.0108032
554.2824707,505.2710876
544.2781982,505.3247681
534.2734375,505.3784485
524.2692261,505.4321289
514.2649536,505.4857788
504.2607117,505.5394592
494.2559814,505.5931396
484.251709,505.6468201
474.247467,505.7005005
464.243042,505.7520142
454.2382813,505.7999878
444.2341309,505.8431702
434.2298279,505.8818665
424.2255249,505.9161377
414.2206726,505.9468384
404.2164612,505.9735107
394.2120972,505.9966736
384.2075806,506.0158081
374.2027283,506.03125
364.1981812,506.041626
354.1937866,506.0483398
344.18927,506.0466003
334.1848755,506.0407104
324.1801147,506.0213928
314.1757507,505.9920654
304.1714172,505.9614868
294.1665649,505.9308777
284.1622314,505.9002991
274.1578674,505.8696899
264.1535187,505.8391113
254.7660217,502.7953796
245.5824127,499.3786621
236.3712769,495.7875366
228.6720123,489.9032593
220.6707306,484.0344849
213.9158936,477.7983398
207.9474945,470.6059265
203.4213104,462.5092468
198.7373352,454.4041443
194.8598785,445.2671814
193.7863312,435.434082
190.8863831,426.3874817
190.9892273,416.3831482
191.3818817,406.3918457
194.2158661,396.8699341
197.165863,387.5307312
200.5682068,378.2129517
206.3189697,370.2883301
212.1059723,362.552124
219.3500061,355.9267273
225.9778137,348.7029724
234.5287476,343.7912292
242.5068207,338.2415466
251.4981232,335.0518494
261.3438873,333.6036987
270.8250732,331.3391724
274.2032013,322.8325806
277.2539063,313.388855
280.5484314,304.1604919
284.8377991,295.4324951
289.7344666,286.8285522
294.8967285,278.6039124
300.3725586,270.5472565
306.0788269,262.4696198
312.8267517,255.4658508
319.6791077,248.7500763
327.3625183,243.1394501
335.8392639,237.9496613
343.8768616,232.2723846
352.5038452,227.3773193
361.2928162,223.2676392
370.6882019,220.3266449
379.9326782,217.0062408
389.7835388,215.5693359
399.3629456,213.4187012
409.3668213,213.3466339
419.3703918,213.4574738
429.3738708,213.5938873
181.2299347,216.1279144
175.7916718,223.7460175
178.6500549,232.578598
186.6006165,238.5391083
191.0283966,241.6188812
199.8953705,245.578186
207.9981537,250.9790039
216.7709045,255.5339661
225.2532959,260.5747681
234.5357666,263.8997345
242.8948822,259.4285126
244.8343201,249.9021759
238.6383057,242.6633759
230.0479431,238.2777252
221.6006927,233.3995819
213.0541382,228.3711853
204.2803802,223.6842041
195.9755402,218.4079132
186.7915802,214.8831329
636.8256836,219.4244995
628.0533447,224.070343
619.5290527,229.2019348
610.8184814,233.7203064
602.6938477,239.1787415
593.9348145,243.4803925
588.9168091,251.8434296
591.8109131,260.4444122
600.6828003,263.8255768
609.5838013,259.9727936
617.9976807,254.893631
626.4425049,249.850174
634.8808594,245.2083893
643.7062378,240.8289642
652.0593262,235.5986633
657.8266602,227.8573761
654.7973633,218.7057343
646.4402466,214.9455872
195.7596436,220.4109344
204.2314911,225.2901154
212.9624634,230.1716919
221.4694824,235.4302216
230.1770782,240.2670898
238.8959351,244.9709625
242.8793945,253.8817444
237.1389771,261.1516113
227.4266205,260.291275
218.8536835,255.1624146
210.1766663,250.1830597
201.5806732,245.1435242
192.8843536,240.3622742
184.2677307,235.2986908
176.9199982,228.8655548
179.6794281,219.6225128
189.0197906,217.3585815
655.1312866,222.4226685
653.7108154,231.3381653
645.994751,237.6848907
637.2234497,242.3292847
628.7128296,247.3654938
619.9699097,252.2194519
611.2672729,257.153244
602.2518311,261.4175262
592.9768066,259.4098358
590.7207031,250.0740509
597.84021,243.4139252
606.5012207,238.4207153
615.1213379,233.3461304
623.8963013,228.5415039
632.5905762,223.6781006
641.0776367,218.3935242
412.7420044,83.74399948
407.2072449,91.61919403
407.0819702,101.6251678
407.1021118,111.6320877
407.2051697,121.6385193
407.3808594,131.6439285
407.6522522,141.6471558
408.6753235,151.5219574
417.2357483,155.2607269
424.7772217,150.3149719
426.2337036,140.6366043
426.1581421,130.6299057
426.08255,120.6232071
426.0069885,110.6165009
425.931427,100.6098022
425.3218384,90.71824646
419.0163574,83.51622009
422.5523071,89.61521912
423.4057312,99.56963348
423.5974121,109.5746841
423.716217,119.5809479
423.8099365,129.5874939
423.7792664,139.5941544
423.0000916,149.5572052
415.3843994,153.6524048
409.7388916,146.8216019
409.1539917,136.8357697
409.0158081,126.8298569
408.957428,116.8230286
408.9151001,106.8161469
409.0092163,96.81008911
411.5950317,87.42986298
420.5630493,86.28868866
274.815094,129.0431519
278.788147,138.179512
283.6554565,146.9176712
288.8673706,155.2687531
293.8181152,163.9506989
299.0985107,172.4419098
304.2910461,180.9182434
312.9845886,183.957077
320.4359741,178.5987244
318.387146,169.0614166
313.2849426,160.4648285
308.2588806,151.8438721
303.3371887,143.1308746
298.3111267,134.478363
292.8447571,126.1087341
285.9900208,119.429924
544.4251709,121.2728806
538.7348633,129.33461
533.7225342,137.9890671
528.5319214,146.5439529
523.4976807,155.1920929
518.5400085,163.8811646
514.0265198,172.7835999
516.1936035,182.0118256
525.5695801,183.6585846
532.5743408,176.9896698
537.2156982,168.282074
542.3737793,159.7177887
547.3705444,151.1952972
552.3271484,142.5469818
557.864563,134.2251282
558.3181763,124.5556641
550.8627319,118.6838303
291.0455017,126.7925873
296.4411316,135.2181015
301.6315918,143.7526703
306.6159668,152.3624573
311.5448608,161.0331421
316.6665955,169.5862122
318.2573547,178.8298645
309.8624573,182.6436005
303.0678711,176.0558472
298.1207886,167.4621582
293.0864868,158.8141785
287.8299561,150.3190613
282.7245789,141.8354797
277.9091492,133.0664749
277.5846863,123.5704041
286.3806458,121.6292267
557.4960327,126.9324417
554.1602783,136.1204147
548.9434814,144.5450516
544.2562866,153.3074341
539.09198,161.8753815
534.0305786,170.4726868
529.0614624,179.0893402
520.1434631,182.5563354
515.8173218,174.3778076
519.9340515,165.6221924
524.9518433,156.9773102
529.9997559,148.3652954
534.9058838,139.646347
539.8921509,130.971611
545.5966187,122.9875336
399.6814575,192.5553131
389.742218,193.6715698
379.9429626,195.6679688
370.3173523,198.3747253
360.8508911,201.4400177
351.5355225,205.0193176
342.4566956,209.2279205
333.6516113,213.977478
325.1269836,219.1881104
317.0256958,225.0475311
309.2572021,231.3498383
301.8583374,238.0867462
294.7046204,245.0831757
288.2368774,252.6817932
282.1286926,260.5141754
276.5910645,268.8003998
271.3120728,277.2634277
266.4517975,285.9993896
262.4259186,295.1523438
259.1675873,304.603241
254.5996246,313.3515015
244.9289398,315.8369141
235.6839142,319.5808105
226.7685089,324.0403442
218.2673187,329.3189087
210.4305115,335.5291443
203.0402832,342.2722168
196.2368469,349.60495
190.1877441,357.4760742
185.0696411,366.0579224
180.5536652,374.9859009
176.6556396,384.1889343
173.7341003,393.7148132
172.6432343,403.6604614
171.7423096,413.6255493
171.6541443,423.6295166
172.2861786,433.6143799
173.7449493,443.5096741
176.5772705,453.0993958
180.2828827,462.3284607
184.3843994,471.4290466
189.8852539,479.7880859
195.8029633,487.7845764
202.6231537,495.1045227
209.7712402,502.1064453
217.7302856,508.1166687
226.2631683,513.2731934
235.1627197,517.8456726
244.4716949,521.4734497
254.1617889,523.8772888
263.945343,525.5699768
273.9477386,525.8672485
283.953064,526.0441895
293.9593201,526.1709595
303.9658203,526.2671509
313.9724731,526.3435669
323.9793091,526.4037476
333.9862061,526.4533691
343.9931641,526.4943237
354.0000305,526.5270081
364.006958,526.5524292
374.0138855,526.575592
384.0209351,526.5921021
394.0278931,526.6070557
404.0348511,526.6162415
414.0418091,526.6254272
424.0488892,526.6286011
434.0558472,526.6317444
444.0627441,526.6319275
454.0697021,526.6300049
464.0766602,526.6280518
474.0836792,526.6238098
484.0906372,526.6194763
494.0975952,526.6151428
504.1045532,526.6108093
514.1116333,526.6064758
524.1185913,526.6021423
534.1255493,526.5978088
544.1325073,526.5934753
554.1394653,526.5891724
563.7835693,524.319397
573.4024048,521.7217102
582.8199463,518.4901733
591.8463135,514.2875061
600.7890625,509.9228821
609.0125122,504.2275391
616.9529419,498.1421814
624.2625122,491.3156433
631.1939087,484.0977478
637.8273315,476.6134644
643.3099365,468.2426147
648.4729614,459.6732178
652.9449463,450.7425842
656.4871216,441.4487
659.2576904,431.8838806
661.2799683,422.111084
663.0186157,412.2695618
663.4743652,402.2748718
663.3860474,392.2692871
662.6607056,382.2927551
660.6212769,372.5245972
658.0054932,362.8926392
654.9891357,353.3884277
651.2595215,344.2052917
646.9805298,335.2229004
641.359375,326.9611816
635.496521,318.9120178
628.8378906,311.4585876
621.7452393,304.3998108
614.2463379,297.7963562
606.3431396,291.6859131
597.6119995,286.8837891
588.9187622,282.042572
579.659668,278.4073181
570.1740112,275.2860565
560.8800049,271.7615814
554.9066162,263.9804077
548.7639771,256.0953369
542.527832,248.2891846
535.6636353,241.1912079
528.4155579,234.2933197
520.8805542,227.709198
512.9975891,221.5505371
504.5744019,216.1494751
495.8813782,211.3399963
487.090271,206.77388
477.8855896,202.8819885
468.5328369,199.4673309
458.9093018,196.7557373
449.0849609,194.8697052
439.34729,192.752243
429.36026,192.142868
419.3553467,191.9761505
409.3495789,192.1182251
443.5515442,195.5109558
453.394928,197.302597
463.0595093,199.8728485
472.6562805,202.6885376
481.8957825,206.4716339
491.0294495,210.5314026
499.8025513,215.3391724
508.4505615,220.3534393
516.4892883,226.280838
524.2167664,232.5005646
531.5507507,239.304718
538.6151123,246.3908691
545.0531006,254.0345306
551.2793579,261.8653717
556.5913696,270.1303253
564.8253174,275.7012177
574.446228,278.3841858
583.7017822,282.1133118
592.8931274,285.9586487
601.5298462,290.9935913
609.8872681,296.4705505
617.7231445,302.688324
624.9013062,309.6592407
631.7966919,316.9098206
637.7860718,324.9160767
643.3538818,333.2255859
648.3676758,341.8672485
652.6743164,350.8896484
655.9094238,360.3366089
658.3925781,370.0276184
660.1363525,379.8737793
661.1480713,389.8285217
661.6399536,399.8215942
660.8005371,409.7788391
659.9130859,419.7385864
658.1311646,429.5825195
655.5407104,439.2012939
651.9282837,448.5226135
647.5527344,457.521698
642.5695801,466.1920166
637.0525513,474.5347595
630.7039185,482.2628479
623.7891235,489.4961548
616.5466309,496.3975525
608.6193848,502.4075928
600.2733154,507.8404236
591.550415,512.7372742
582.3828125,516.6747131
573.0115356,520.0605164
563.3927002,522.6277771
553.6420288,524.7476501
543.6488647,525.2394409
533.6434326,525.40979
523.6368713,525.4855957
513.6300964,525.516571
503.6228638,525.5237732
493.6157837,525.5172119
483.6089478,525.5003357
473.6019592,525.4772034
463.5949097,525.4500427
453.5881042,525.4228516
443.5811462,525.3940125
433.5743713,525.3614502
423.5673523,525.3288879
413.5603333,525.2963257
403.5535278,525.2637329
393.5464783,525.2309265
383.5397034,525.1940308
373.5327148,525.1571045
363.5256348,525.1164856
353.5188904,525.0751343
343.5119934,525.0284119
333.505249,524.9796448
323.4983215,524.9237671
313.4914551,524.8602295
303.4847717,524.7884521
293.4781494,524.6985474
283.4716797,524.5816956
273.4664154,524.4093628
263.4664307,524.0516052
253.680542,522.1500854
244.1616974,519.2258911
234.9045258,515.5279541
225.9909668,511.0558167
217.6204071,505.6528931
209.9343262,499.3517151
202.8238678,492.3106995
195.8838196,485.1020508
190.3312225,476.7957458
184.9556122,468.3640442
180.8578033,459.3041992
177.6707916,450.1375427
175.3820496,440.4017334
174.244278,430.4631042
173.7951355,420.4675598
173.8973236,410.4621887
174.6789093,400.4890747
176.93573,390.7629089
180.091629,381.348053
183.8462524,372.0821838
188.6145172,363.3017883
194.3991089,355.241272
200.7601318,347.5284119
207.7337646,340.352417
215.3436432,333.9718933
223.5549774,328.2790222
232.1266479,323.3459473
241.1516571,319.209198
250.6206665,315.989563
258.7667236,311.3675842
261.9440765,301.9346008
265.6026917,292.6717529
270.1864777,283.8576965
274.7525177,274.9591522
279.8655701,266.3677216
285.8836975,258.4474792
292.1867065,250.6830597
299.0389404,243.3909302
306.0838623,236.2863464
313.4779053,229.5540771
321.7986755,224.0834808
330.0022888,218.4994659
338.6410522,213.4699707
347.5354919,208.926239
356.5503845,204.8418579
365.9244385,201.4193878
375.5980835,198.8831482
385.2832947,196.6673279
395.1228333,194.8483429
405.0540466,193.7458496
415.0605164,193.7560883
425.0668335,193.8843079
435.067688,194.2107391
402.1240845,210.0055237
392.2431946,211.3414917
382.4952393,213.5167389
372.7730713,215.8838806
363.3181458,219.1364136
354.1546021,223.1067963
345.2171631,227.6046906
336.4656677,232.4483948
328.2719116,238.1847534
320.6133423,244.619278
313.1051941,251.2302704
306.1051331,258.3793182
299.539917,265.9293823
293.4385071,273.8590393
287.9710999,282.2360535
283.0332947,290.9378967
278.7825317,299.9967346
275.485733,309.4024963
272.1902161,318.7608643
268.1297607,327.3311462
258.5423431,330.1253052
248.9610291,332.7597046
239.7518463,336.388916
231.2619019,341.3118286
222.9038239,346.7991028
215.5013275,353.5185547
208.5589905,360.7250061
202.6850128,368.7624207
197.5529327,377.2344055
193.8398895,386.47229
190.3845367,395.7915039
188.5280457,405.6049194
187.0309601,415.4708862
187.3774414,425.4662476
188.8634491,435.3603821
191.2064819,445.0479431
195.2416534,454.078064
199.0696564,463.0137939
204.3772125,471.4826965
210.5787659,479.2946777
217.5892487,486.4335327
225.2756653,492.7871399
233.8343811,497.9476318
242.7280121,502.3657532
251.9900055,506.0282898
261.7713013,508.089447
271.6736603,509.2469482
281.6793213,509.4087524
291.6859436,509.5117798
301.6923523,509.5894775
311.6996155,509.651123
321.7062378,509.7017517
331.7131042,509.7437439
341.7200623,509.7787781
351.7268677,509.807251
361.7339783,509.8274536
371.741272,509.8468018
381.7479248,509.8620911
391.7546387,509.8718872
401.7614746,509.8777161
411.769043,509.875824
421.7758789,509.8738708
431.7825317,509.8666077
441.789856,509.8538818
451.7967529,509.8403931
461.8035583,509.8153076
471.8108521,509.7902222
481.8177795,509.7564697
491.8242798,509.7137756
501.8313599,509.6607666
511.8383179,509.5941162
521.8443909,509.5048218
531.8505554,509.3733521
541.8404541,508.9222107
551.770752,507.6846313
561.6281128,505.9902649
571.2525024,503.3035583
580.3445435,499.1283264
589.3687744,494.8070984
597.7996826,489.5797424
605.7624512,483.5941772
612.895752,476.5776978
619.704834,469.2457581
625.5958252,461.1697083
630.9130859,452.6943665
635.5775757,443.8457031
639.1999512,434.5241089
641.8239746,424.8692627
643.7941284,415.0767517
644.4672241,405.09375
644.6134644,395.0890808
644.2359009,385.0911255
642.2216797,375.3412781
639.946106,365.5988159
636.3218994,356.2958679
631.9402466,347.3010864
627.0988159,338.5971069
620.8616943,330.7801514
614.0910645,323.4128113
606.9856567,316.3679199
599.1889038,310.122467
591.1270142,304.1988525
582.223999,299.7190857
573.0002441,295.8540649
563.5724487,292.5482483
553.7734985,290.6333923
545.8665161,284.811554
541.0970459,276.1593628
535.1575317,268.1079102
528.5253296,260.6165314
521.6558228,253.3403168
514.6134644,246.2312317
506.8594055,239.9475555
498.767334,234.1178284
490.1607971,229.0287781
481.2972717,224.4464569
472.25177,220.7775574
463.0421753,217.0543976
453.4899597,214.2365723
443.821991,211.682663
433.8733826,210.7363281
423.9725342,209.4398041
413.970459,209.1623993
433.3944092,212.4395142
443.3484802,213.3758392
453.0154419,215.8436432
462.5940552,218.6915283
471.8285522,222.3151855
481.107666,225.9470367
489.9066772,230.6838837
498.3485413,236.050705
506.4447632,241.9318237
514.0771484,248.0348358
521.0091858,255.2507019
527.9385986,262.4694672
534.4678955,270.0480957
540.6344604,277.9210205
545.5220337,286.6413269
553.3630371,292.4284668
563.0820313,294.4054871
572.5668335,297.5412292
581.7611084,301.375885
590.5786743,306.0299377
598.6511841,311.9000244
606.6103516,317.894043
613.5891724,325.0598145
620.3175049,332.1748047
625.9558105,340.4128723
630.913147,349.0959778
635.1118774,358.1242676
638.3782349,367.5455017
640.8667603,377.2233887
642.2148438,387.1365356
642.8979492,397.1182556
642.8952637,407.1227112
641.5800781,417.0222778
639.8345947,426.8688049
636.6936646,436.3379211
633.0628662,445.6311951
628.0881958,454.2958984
622.7062988,462.6659546
616.2572021,470.3143616
609.4980469,477.6913147
601.9956055,484.1313782
593.8911743,489.9736328
585.4373169,495.1934814
576.2028809,499.0261841
566.9504395,502.7879944
557.2893066,505.3326416
547.3348999,506.3013
537.3375244,506.7318115
527.3340454,507.0061951
517.329071,507.2047119
507.323761,507.358429
497.3171082,507.4845886
487.3106384,507.5900269
477.3042908,507.6818542
467.2972107,507.7625427
457.2906189,507.8318787
447.2841187,507.8996887
437.2769775,507.958252
427.2705383,508.0166626
417.2638245,508.0675354
407.2571411,508.1184082
397.2495422,508.1664734
387.2428284,508.2122498
377.2362366,508.2565308
367.2290039,508.2981262
357.2222595,508.3397217
347.2155151,508.3813171
337.2080688,508.4154663
327.2012939,508.4494324
317.1946716,508.4765625
307.1878662,508.4914856
297.1802979,508.4862061
287.1738892,508.4347839
277.1696777,508.226532
267.2667694,506.8796997
257.4031067,505.2432556
247.8019409,502.4409485
238.5964661,498.5630493
230.0240936,493.4068909
222.0140839,487.4219971
214.3573761,480.9989319
208.1972504,473.2738342
202.3406372,465.1662903
197.8961029,456.2047424
193.8896027,447.1056213
191.0729065,437.5072327
189.8097534,427.5887146
189.4860992,417.5887451
189.8934784,407.5933533
192.066864,397.8832397
195.1700897,388.4032898
198.917038,379.1340942
203.7868347,370.4021301
209.5283966,362.3252258
216.2973633,355.1669006
223.6229553,348.5301514
232.0127106,343.2597351
240.3301544,337.8743286
249.7514954,334.5908813
259.4050293,331.9590149
269.0485535,329.3027954
273.435257,321.1816406
276.435791,311.7192993
279.7420044,302.2932129
284.001709,293.2388306
288.8727112,284.4978943
294.2817688,276.1090393
300.1549072,268.0523529
306.5184021,260.3470917
313.4416199,253.1839294
320.9234314,246.539032
328.7553101,240.3202057
337.0558472,234.731369
345.4553833,229.3102722
354.4302979,225.0167236
363.7182312,221.3431396
373.0185852,217.9283295
382.6815491,215.3975372
392.3508301,213.056427
402.2971497,212.021347
412.2817993,211.4045715
422.2871704,211.4576569
181.0242767,218.4701691
176.9199982,227.0248871
182.78125,234.2169495
191.2493134,239.5266724
199.9697266,244.2863159
208.5651703,249.3138428
217.2645874,254.257309
225.8926697,259.3057861
235.3672028,261.571701
242.7301178,255.6926575
240.1347351,246.2983551
231.7086792,241.2435608
222.9612732,236.45401
214.531723,231.0766449
205.7831116,226.2200775
197.3776093,221.2133484
188.218399,217.3329773
639.5043945,219.2615814
630.9642334,224.4468842
622.3259888,229.4266052
613.5441895,234.2236633
604.967041,239.3763428
596.2684326,244.3088837
590.4038086,251.85466
594.350647,260.5889893
603.9811401,260.8608093
612.8349609,256.2288055
621.5302124,251.2780762
630.2884521,246.4467621
638.7336426,241.300827
647.4754639,236.5018921
654.993103,230.0331573
654.3800049,220.7024231
645.394165,217.192276
198.2304688,224.0379486
206.8691406,229.0654297
215.5611725,234.0219116
224.2029724,238.8616638
232.7830353,243.8687286
240.4380035,249.9074249
237.8469238,258.9673309
228.2524261,258.0484467
219.4086151,253.375351
210.7613068,248.3569946
202.266449,243.2822571
193.4773254,238.5201263
184.7449341,233.6348724
179.4418945,225.6809387
185.9096527,219.0380249
653.4779053,223.0956268
650.6251221,231.9169769
642.1572266,237.1831818
633.6136475,242.3764954
624.9271851,247.066803
616.44104,252.2438049
607.6437988,257.0070038
598.1934204,259.8330688
593.017395,252.5501251
598.4240723,244.923111
607.2218018,240.1601563
615.947937,235.2612
624.6364136,230.2973175
633.3945923,225.4649963
641.7952881,220.2575989
412.2139893,86.76599884
409.0449524,95.89045715
408.9138489,105.8831406
408.9526062,115.8773651
409.0088196,125.871521
409.1319885,135.864975
409.6256409,145.8444595
414.3942261,153.5426025
422.749054,150.534256
423.7572937,140.6156464
423.8162537,130.6218643
423.7272949,120.6279755
423.6108704,110.6343536
423.4353638,100.641655
422.7785645,90.67614746
415.885498,85.076828
277.6200256,123.5318985
277.8782043,133.0093155
282.6834412,141.7696457
287.7496033,150.2789459
293.0352783,158.724884
298.0601196,167.3637238
303.0021973,175.9455719
309.723175,182.6220703
318.1745605,178.9593048
316.7472229,169.7316437
311.6347656,161.1878967
306.7399902,152.5085907
301.7259216,143.9339142
296.5507507,135.4054794
291.1585388,126.992569
284.0198975,120.6765442
540.6315308,129.876442
535.5648804,138.4861374
530.7002258,147.214859
525.7221985,155.8574524
520.6052246,164.4252625
515.8981018,172.9957275
518.8350525,182.0779266
528.0591125,180.0802612
533.3301392,171.7107544
538.3272095,163.0904388
543.5751343,154.5854797
548.1715088,145.7848511
553.5805664,137.4479828
557.508728,128.4172134
552.2275391,120.8646927
398.0572815,194.3204193
388.236969,196.1762695
378.4206238,197.8605499
368.8087769,200.5305939
359.2949829,203.5773468
350.1506348,207.3807526
341.3370056,212.0273743
332.5578308,216.8007965
324.3664856,222.3786011
316.0826111,227.9188232
308.3463745,234.1545258
301.200531,241.138855
294.2967834,248.3654022
287.7559814,255.9184723
281.5183105,263.7203064
276.3538818,272.2214661
271.6199951,281.0141602
266.865387,289.7402344
263.266861,299.0157166
260.0260773,308.401947
253.7661438,315.2340393
244.1832581,318.0438843
234.9138336,321.7319031
226.2314148,326.539093
217.9633942,331.9913635
210.0967102,338.0501709
203.0365143,345.1228943
196.3863373,352.5762024
190.3378601,360.526947
185.3973236,369.113678
181.1937256,378.1723328
177.6600189,387.4674683
175.1964722,397.1418457
174.0700531,407.0666809
173.7673492,417.0548706
174.0258942,427.0445557
174.8897858,436.9993286
176.8179626,446.7941284
179.9384003,455.9704895
183.6549225,465.1443176
188.5146637,473.8171387
193.7740021,482.3148193
200.3595276,489.8055115
207.4115448,496.887207
214.8559875,503.450592
223.0463409,509.1173706
231.6762848,514.0402527
240.7253723,518.2436829
250.1654968,521.4302368
259.9442139,523.432251
269.8523865,524.3187256
279.8443909,524.5281067
289.8377991,524.6600342
299.8316345,524.7580566
309.8257141,524.8354797
319.8197937,524.9029846
329.8139343,524.9590149
339.8081055,525.0108337
349.8022461,525.0582581
359.7964783,525.1010742
369.790802,525.142334
379.7848816,525.1801758
389.7790833,525.2170105
399.7734375,525.2514343
409.7676392,525.2839661
419.7619934,525.3164978
429.7561951,525.3490295
439.7503967,525.3815613
449.7446899,525.4124146
459.7388916,525.4395447
469.7331238,525.4667053
479.7275085,525.4934998
489.7217407,525.5111084
499.716156,525.5212097
509.7104187,525.5220337
519.7046509,525.5019226
529.6989136,525.4467163
539.6923218,525.3250427
549.6815796,525.020752
559.5071411,523.487854
569.2889404,521.5013123
578.7710571,518.3977966
587.9282837,514.4813843
596.8153076,509.9159851
605.4359741,504.9042358
613.4223022,498.9868469
620.9115601,492.3758545
627.8762207,485.2094421
634.5577393,477.783783
640.4188232,469.6932068
645.642334,461.1736755
650.0977173,452.2297363
653.9024048,443.0087891
656.8864136,433.5472717
659.2672729,423.8608398
660.5940552,413.9577942
661.5145874,404.0157471
661.432373,394.0291443
660.621521,384.0688171
659.2887573,374.1656799
656.9487305,364.4535217
653.8193359,354.9897156
650.3641357,345.6460266
645.7134399,336.8014526
640.2334595,328.4500732
634.4493408,320.3013
627.9197998,312.7558899
620.8764038,305.6658936
613.300354,299.1667175
605.2949829,293.1942139
596.598877,288.2757568
587.8546143,283.4756165
578.5732422,279.9026184
569.1065674,276.7356262
559.9644165,272.9876709
553.5844116,265.5250092
547.7554321,257.5704346
541.6179199,249.6935272
534.7476807,242.4381104
527.5680237,235.4858093
520.1172791,228.9451752
511.9589844,223.1761322
503.6582642,217.710144
495.0476379,212.6442261
486.1296997,208.141037
476.8754883,204.4252167
467.488739,201.0268555
457.7971497,198.5933838
448.0778503,196.3465424
438.2461548,194.5966797
428.2685242,194.035141
418.278717,193.735199
408.2853088,193.6275024
429.8368835,194.9548035
439.7245789,196.4105988
449.6087341,197.8878479
459.3041077,200.1759796
468.7632751,203.1539459
477.9945984,206.647644
487.3013,209.9234314
495.943512,214.6073151
504.4098511,219.5796051
512.4208069,225.24646
520.389679,231.0330048
527.7627563,237.7680054
535.1438599,244.4953918
541.9406128,251.5349884
547.9049072,259.519928
553.8086548,267.5155029
560.368103,274.942688
569.7134399,277.7771606
579.065979,281.2467651
588.4152832,284.6768494
596.8803101,289.7727356
605.6212158,294.5899353
613.2825928,301.0072327
620.9428101,307.203949
627.6895142,314.5458069
634.0808716,321.8108521
639.951416,329.8947449
645.479187,338.1929626
649.7302246,347.0953369
653.2542114,356.3323669
656.2689209,365.8348999
658.5291748,375.5601501
659.6751099,385.4709167
659.8781128,395.4622803
659.6813354,405.4541931
659.1114502,415.4311829
657.9128418,425.3491821
655.9083252,435.1300354
652.4118042,444.4638672
648.3201904,453.5551147
643.6412964,462.3781433
638.3528442,470.7749329
632.3533325,478.7056274
625.557251,486.0180054
618.772644,493.085907
610.8283691,499.0749207
602.9066162,505.1068115
594.2006836,510.0095215
585.3480225,514.3624268
576.2680054,518.3318176
566.7893066,521.3112488
556.9391479,522.835968
547.0392456,524.087616
537.0491943,524.364563
527.0555115,524.4572754
517.0611572,524.4912109
507.0667725,524.5047607
497.0725708,524.5083313
487.0784302,524.5081787
477.0840454,524.5079956
467.0895996,524.4992676
457.0954285,524.4831543
447.1010742,524.4587097
437.1069641,524.4207153
427.1128845,524.3754272
417.1186523,524.3216858
407.1245117,524.2531128
397.1306763,524.1708679
387.1369019,524.0671387
377.1434326,523.9244385
367.1513977,523.7212219
357.1591797,523.5136719
347.1669312,523.3061523
337.1747131,523.0986023
327.1818237,522.9370422
317.1879883,522.8390503
307.1938477,522.7766418
297.2004395,522.657074
287.2088928,522.4228821
277.2230225,522.0134888
267.235321,521.664917
257.241684,521.5796204
248.9645538,518.5188293
239.8961029,514.6340332
230.8535309,510.6325684
222.0744629,506.1053772
216.1672821,501.4925537
209.4238586,495.4464722
202.1958923,488.5472717
196.6983185,480.4447021
190.7325287,472.5986328
186.0190277,463.9017334
183.9240417,454.2423096
184.8161469,447.172821
191.7266998,453.0943298
195.7240753,462.2435608
200.4506836,470.388855
205.6603241,477.8287354
212.4975586,484.8329468
217.0655975,491.3580322
225.4364929,495.973114
233.9056854,501.0842285
242.7802124,505.2294922
252.2236633,508.0698242
261.8857117,510.5570068
271.8432007,511.3609314
281.8346863,511.5729065
291.82901,511.5770569
301.8230591,511.4846191
311.8165588,511.3678894
321.8105774,511.2890015
331.8048706,511.2294922
341.7988586,511.1772461
351.7931519,511.1333008
361.7874146,511.09552
371.7817383,511.0607605
381.7757263,511.0329285
391.7700806,511.0060425
401.7646179,510.9864807
411.7586975,510.9671021
421.7530823,510.9554443
431.7475586,510.9437866
441.7416992,510.9334106
451.7359314,510.9207458
461.7302856,510.9038391
471.7245789,510.8796387
481.718689,510.8486023
491.7130127,510.8078003
501.7072144,510.753479
511.7012024,510.6771545
521.6948547,510.5690613
531.6879883,510.4046631
541.6778564,510.1216431
551.6355591,509.3453979
561.4254761,507.4093933
570.8463135,504.3041382
580.1571655,500.8141479
588.9920654,496.3546448
597.4787598,491.2858276
605.3925171,485.299469
612.6065063,478.3830872
619.5415649,471.1894531
625.6069946,463.2590942
631.0568237,454.8879395
635.5194702,446.0361023
639.1176147,436.79245
642.2452393,427.3433838
644.3781738,417.6048889
645.057373,407.6358032
645.253418,397.6439819
645.0405884,387.652832
644.0023193,377.723938
641.5577393,368.0352478
638.432312,358.5466919
634.4602051,349.413269
629.3458862,340.9437561
623.6251221,332.7799072
617.0638428,325.2417908
610.2192993,317.9601746
602.8856201,311.1856689
594.7926636,305.4337463
586.2655029,300.4655457
577.1834717,296.3557434
567.8764648,292.8738098
558.1324463,290.8591309
549.2153931,286.7306519
543.9081421,278.3041687
538.3475342,270.12854
532.1291504,262.3421478
525.3117981,255.0369568
518.0521851,248.1735077
510.7590332,241.6981201
502.9874878,235.432724
494.5058899,230.2246552
486.0072937,225.0770416
477.148407,220.9945221
467.9447937,217.3908844
458.5246277,214.2199554
448.9518127,211.4736786
439.1652222,209.4462891
429.2883911,207.9999695
419.2962036,207.8867493
409.3031616,208.0388184
399.3267822,208.5859222
389.513031,210.4276733
379.6282043,211.8172913
370.1583862,214.9096222
360.8295898,218.3926392
352.1220398,222.4220428
343.5821533,226.7436523
335.1061401,231.3607788
326.7522278,236.7067261
318.7957458,242.5227051
312.1195374,249.244873
305.2082214,256.0132751
298.8887939,263.6226807
291.8630371,270.7208252
287.5075989,277.1341248
283.1308289,286.008606
278.3796082,294.6690369
274.9118652,303.9588013
271.7945709,313.1645813
267.3697052,322.0270996
260.7692871,327.1555481
251.5376892,329.0715332
243.6081848,330.5649719
234.7453918,334.9402466
226.8459625,339.6733704
220.152359,346.651947
213.1621246,353.4616394
206.0336914,360.46521
199.3930206,367.0562744
194.4797516,375.5446472
190.8125153,383.4838562
186.3928986,391.0870667
186.7153625,400.7307434
185.2099304,410.5686035
185.1784363,419.1789856
183.1762085,428.4527588
181.8888092,438.3068237
181.2383423,447.307373
177.8690491,439.7226257
175.3145905,430.3257141
175.9270477,420.3532715
177.390564,410.4695435
179.84935,401.5835876
180.286911,393.3242493
181.7513733,383.4472046
184.991745,374.9638367
189.7884064,372.1667786
190.933197,364.0637512
197.0479431,356.1858521
202.8825836,348.1801147
208.3960114,341.4351196
216.9741364,336.3627319
224.4047241,332.7127991
231.5019073,326.1708069
240.1525879,321.9835815
249.3406372,324.6746826
255.107254,316.8916321
261.1565704,309.9530945
264.5776367,300.7669067
268.1738739,292.0777893
271.8721619,283.2877808
276.7799988,274.9218445
281.7948914,266.8485718
287.2123718,258.5965729
293.7810059,251.302887
300.4935913,243.9624329
308.0138245,237.3830109
315.678894,232.9000244
321.0094299,226.2069855
328.7469482,220.7468872
337.3388062,215.8586578
345.8172607,210.8809052
354.9402466,207.1204529
364.2426758,203.726944
373.686554,200.5838776
383.4375916,198.4049377
393.3256836,196.9884338
403.1444092,195.232605
413.1029968,194.4374542
423.094574,194.3454437
437.9860229,211.2244415
447.7953491,212.7975922
457.5259399,215.0572205
466.9839478,218.1682739
476.1925964,221.7861023
485.0289001,226.0677795
493.7350769,230.9711151
501.9778137,236.5927734
509.9772644,242.5205841
517.4793396,249.0637665
524.4306335,256.2446899
531.2272339,263.5723419
537.4951782,271.3431702
543.4180298,279.3909912
548.4953613,287.7481689
557.5918579,291.6372986
567.2675171,293.8809204
576.6707153,297.2542725
585.7587891,301.3516235
594.3169556,306.4465027
602.3765869,312.349823
609.7842407,319.0519714
616.7450562,326.2223816
623.3641968,333.7094421
628.7445068,342.0328064
633.6821289,350.7080383
637.8135376,359.8059998
640.8688965,369.2863464
643.397522,378.9364319
644.4586792,388.8609314
644.6118774,398.8527222
644.2894897,408.8408813
643.3068848,418.7826233
640.8991089,428.4781799
637.9929199,438.0354614
633.9554443,447.1707458
629.0089111,455.8519592
623.5472412,464.2210388
617.2595215,471.9726868
610.3314819,479.174408
603.0424194,486.0088501
594.6704712,491.3553162
586.1428833,496.4306335
577.0828857,500.6508789
567.7816772,504.1644287
558.1299438,506.7170715
548.2365723,508.1195068
538.3076172,509.2205505
528.3158875,509.427063
518.3215027,509.5387268
508.3278198,509.6185303
498.3339539,509.6803894
488.3392029,509.7295532
478.3454895,509.769043
468.3513184,509.7988892
458.35672,509.8239441
448.3627625,509.84552
438.3686523,509.8582458
428.3740234,509.8709717
418.3796387,509.8745422
408.3850098,509.8764648
398.3909912,509.8757324
388.3965454,509.8694763
378.4019165,509.8583984
368.4079895,509.8403625
358.4138794,509.8210449
348.4190674,509.797821
338.4253235,509.7675171
328.4313354,509.7308655
318.4367065,509.686554
308.4425354,509.6325989
298.4489136,509.5657654
288.4546204,509.4805603
278.460907,509.3660889
268.4690857,509.157959
258.6302948,507.5142822
249.0497284,504.8216248
239.96138,500.8555603
231.0886688,496.3937683
222.8986053,490.7345886
215.3551636,484.243042
208.5281525,476.9486389
202.5882416,468.9464417
197.8756104,460.1786499
193.6684723,451.4895935
190.1551666,442.1686401
188.4137878,432.3396606
187.149704,422.4342651
187.2126312,412.4491577
188.913147,402.613678
191.472229,392.9958496
194.9955292,383.7207336
198.9238892,374.5931396
204.4384308,366.3924255
210.5847473,358.5788879
217.5626678,351.424469
225.2465973,345.0458374
233.7691803,339.8292542
242.5269012,335.5570068
251.7150879,331.8946838
261.3576508,329.5418396
270.3278656,325.650238
272.7817688,315.9732971
276.0963745,306.6338196
279.958252,297.4272156
284.3511963,288.4535217
289.4168701,279.838501
295.0852966,271.6103516
301.316803,263.7989197
307.9927368,256.362915
315.1113586,249.3503265
322.6928711,242.8408508
330.5054016,236.6262207
338.7900085,231.0533447
347.6274719,226.3913727
356.6062012,222.0101166
365.7943115,218.1308136
375.3450317,215.2045288
385.0605164,212.859787
394.8756104,211.2436829
404.7277527,209.6918793
414.706543,209.1868286
424.6967468,209.3867188
180.432785,222.6175079
182.175293,231.6232452
190.6181488,236.9088898
199.3175201,241.8273773
207.8543396,246.8217926
216.5103302,251.7550049
225.2538605,256.594635
234.6341095,259.7811127
240.7029114,253.2325439
235.7734375,245.4183197
227.0632477,240.6588898
218.500061,235.6771088
209.8258667,230.7626801
201.0954437,225.8991241
192.4055176,221.0441742
183.1569977,219.9894714
636.0980225,223.5130157
627.5895386,228.576767
618.9307251,233.5673981
610.2238159,238.4748993
601.4824829,243.3173981
593.5046387,249.1417694
595.0075684,258.5879822
604.522583,258.5711823
613.3306274,253.8591766
621.954895,248.9344482
630.4086304,243.8024292
639.0547485,238.8925018
647.8282471,234.1198273
653.9335938,226.6192932
648.5272827,219.2344513
219.8091431,337.6600952
181.0696564,411.6812744
183.7804108,411.4361572
409.04599,194.6920013
399.1843872,196.1628418
389.2705078,197.4284668
379.4579163,199.318161
369.8343506,201.8834839
360.3327637,204.8809357
351.3462219,208.8603821
342.4032288,213.0509949
333.8786621,217.9936218
325.9500122,223.279007
318.7783203,229.1151733
311.8991089,233.3496399
304.8594971,240.0370026
297.5160828,246.8202667
291.0283813,254.3789673
285.2917786,262.2062531
279.8780518,270.2332916
274.468277,278.3458862
270.7422485,287.2266846
267.9724579,296.22229
263.4240112,304.7280884
260.076767,313.9267273
252.5672607,320.1638184
245.6505737,322.8616333
236.0914917,322.8804626
228.0692139,328.5152283
220.9868011,332.7967834
213.302002,338.3554382
207.417511,344.7497253
200.7618408,351.7904968
194.4115753,359.4537048
188.0735474,366.769165
187.5308838,374.4204407
184.9567566,379.0517883
181.2998047,387.6420593
178.4719238,397.0769043
177.8494415,404.7307129
176.8218231,414.6632385
175.696106,424.5817261
175.826416,434.4599915
178.1275482,443.9604797
181.2026367,443.6688843
182.7921448,434.1793518
183.585495,424.2141418
184.4991913,415.0311279
185.4742126,406.3114014
187.5212097,396.5385132
188.017868,388.4153442
191.4284821,379.2643738
196.9099731,372.0335388
201.9508514,364.0462036
209.0599213,357.4183655
216.1840973,350.4039307
222.9701233,343.6145325
229.58815,337.1199646
238.7723083,333.4258118
247.4119568,328.7072144
255.1395721,327.3948975
264.9702454,326.1672974
269.5511932,318.2976074
274.1111145,309.5434265
276.51474,299.9969482
279.9614563,290.625885
284.8554382,282.0737915
289.1091003,274.5390472
295.0223389,267.7247009
301.2770691,260.0287933
307.6957703,252.7127075
315.6260376,246.6613922
322.5354309,240.3688202
330.1228333,233.947113
339.0958252,229.6888275
347.1609497,224.2531891
355.8392639,220.7456055
365.0183716,217.1031799
374.3328247,213.5641022
384.0072021,211.3620758
393.8094788,209.4358521
403.7272644,208.2451935
413.7211304,207.9538727
423.7193298,207.8680115
433.693573,208.4285126
443.5044556,210.3491516
453.2488708,212.5730133
462.7883911,215.3551941
472.0514221,219.0239105
480.7680664,223.3538361
489.8704529,227.2521973
498.4337463,232.2852325
506.5858154,238.0688171
514.1288147,244.4169006
521.3760071,251.1634674
528.4255676,258.2527008
534.7360229,265.9668884
540.7542725,273.9061737
546.2564087,282.1065674
552.9877319,289.0896606
562.5944824,291.4241638
572.010437,294.6368713
581.373291,298.0092468
590.2421875,302.4839172
598.3512573,308.2076416
606.3215942,314.117157
613.352356,321.2246094
620.0773315,328.6231384
626.4472656,336.3275146
632.0525513,344.5721741
636.013855,353.6776428
639.9736328,362.823761
642.6080933,372.4627075
644.666626,382.2272949
645.1956177,392.2097473
645.2120361,402.2078247
644.8256226,412.1981812
643.7120361,422.1274414
641.1729736,431.791748
637.9276733,441.2103882
633.7573242,450.2519531
628.4530029,458.665802
622.9797974,467.0278625
616.4112549,474.5569153
609.3128662,481.598175
601.8408813,488.2302551
593.482666,493.4994812
584.8723145,498.2950134
575.8948364,502.4992676
566.5300293,505.8921814
556.8494873,508.1124878
547.0305786,509.8457947
537.0418701,510.2753296
527.0454102,510.4898376
517.0476379,510.6242676
507.0493774,510.7158203
497.0509338,510.7799683
487.0523682,510.8287964
477.0536499,510.8659058
467.0549927,510.8916016
457.0562744,510.9117432
447.0576477,510.927887
437.0588684,510.9382629
427.0602417,510.9492493
417.0615845,510.960907
407.0627747,510.9761963
397.0641479,510.9956055
387.0653687,511.0187073
377.0667725,511.0456238
367.0680847,511.0771484
357.0694885,511.1119385
347.0707703,511.1540527
337.0722961,511.2001038
327.0737915,511.2558899
317.0751343,511.3232727
307.0769043,511.416626
297.0788879,511.5367737
287.0803833,511.5917053
277.0821228,511.5107422
267.0930481,511.1017151
257.2355652,509.5541382
247.5206757,507.3092346
238.8323364,502.7379456
230.1100006,498.2700806
221.7343292,493.0610046
213.2245178,488.856781
209.7791901,480.9463196
202.3850861,475.130127
197.9772949,466.4955139
193.8621521,457.8268738
188.9056091,449.7393799
183.3542023,449.1063538
185.2335358,458.7965088
188.2138519,468.1639404
193.7682037,476.3207703
199.2361145,484.3869324
205.7524261,491.8193054
212.6574554,499.0419617
218.5081329,502.9309082
226.1862488,508.5306396
235.4771423,512.0578308
244.0533142,517.0953369
252.1070709,521.6015015
262.1056671,521.5749207
272.1014557,521.808197
282.0903015,522.2457886
292.0843201,522.5521545
302.0813293,522.7314148
312.0797119,522.8025818
322.0781555,522.8821716
332.0761414,523.0030212
342.0727539,523.2003479
352.0692749,523.407959
362.0658875,523.6156006
372.0624084,523.8232117
382.0595398,524.0018921
392.0574646,524.1217041
402.0558167,524.2134094
412.0541992,524.2884216
422.0526733,524.3482056
432.0512695,524.4010315
442.0498352,524.4400024
452.048584,524.4729004
462.0473022,524.494751
472.0460815,524.5036926
482.0447998,524.5080872
492.0435791,524.5082703
502.0422363,524.5081787
512.0408325,524.5009155
522.0396729,524.4788818
532.038147,524.4218445
542.0354004,524.2683105
552.0150146,523.702301
561.8217163,521.7927856
571.4005127,519.4200745
580.6986084,516.1378479
589.9061279,512.2955322
598.6019287,507.6107483
607.0098877,502.2241821
614.9080811,496.2101135
622.1780396,489.6586914
629.059082,482.4083557
635.5608521,474.8243103
641.0881348,466.618103
645.9035645,457.869812
650.2102661,448.8794861
654.0564575,439.6956177
656.7906494,430.1558838
658.6396484,420.3407593
659.4526978,410.3765869
659.8249512,400.3854065
659.835083,390.3872375
659.3219604,380.4042664
657.2243042,370.6512451
655.0205078,360.9039612
651.8674927,351.4445496
647.427002,342.6490173
642.4749146,334.0735779
636.9579468,325.7618408
630.9857178,317.7661133
624.4189453,310.6266479
617.2043457,303.837738
609.3294067,297.7476196
601.1900024,292.030365
592.5757446,287.0049133
583.5687866,283.0526123
574.1734009,279.683136
564.6625366,276.9636841
556.5608521,271.4786072
550.6702881,263.4454498
544.6759644,255.5030212
538.437439,247.7432251
531.234375,241.1203918
523.8895874,234.3493195
516.5529175,227.5586395
508.4029236,222.2020569
499.8545227,217.1618347
491.3034973,212.4320679
482.6047058,207.8950043
473.3597717,204.4123688
463.9266052,201.3435822
454.285553,198.8999634
444.4570923,197.1025848
434.5672913,195.6316681
424.6487427,194.3925476
414.6560669,194.3892822
220.3115997,337.5473938
182.1326904,398.960968
182.6070709,415.0731812